addressid,address1,address2,city,state_name,postalcode,Latitude,Longitude,Accuracy Score,Accuracy Type,Number,Street,City,state_id,county_name,Zip,Country,Source,county_fips,all_county_weights,imprecise,military,timezone,zcta,parent_zcta,population,density
1,47 MySakila Drive,,Lethbridge,,,0,0,0,,,,,,,,,,,,,,,,,,
2,28 MySQL Boulevard,,Woodridge,,,41.736788,-88.041731,0.33,place,,,Woodridge,IL,DuPage County,60517,US,TIGER/Line® dataset from the US Census Bureau,,,,,,,,,
3,23 Workhaven Lane,,Lethbridge,,,0,0,0,,,,,,,,,,,,,,,,,,
4,1411 Lillydale Drive,,Woodridge,,,41.736788,-88.041731,0.33,place,,,Woodridge,IL,DuPage County,60517,US,TIGER/Line® dataset from the US Census Bureau,,,,,,,,,
5,1913 Hanoi Way,,Sasebo,,35200,39.641185,-81.183444,0.17,place,,,Way,OH,Monroe County,45734,US,TIGER/Line® dataset from the US Census Bureau,,,,,,,,,
6,1121 Loja Avenue,,San Bernardino,,17886,41.01789,-76.870841,0.22,place,,,West Milton,PA,Union County,17886,US,TIGER/Line® dataset from the US Census Bureau,,,,,,,,,
7,692 Joliet Street,,Athenai,,83579,39.657355,-76.371332,0.23,place,,,Street,MD,Harford County,21154,US,TIGER/Line® dataset from the US Census Bureau,,,,,,,,,
8,1566 Inegl Manor,,Myingyan,,53561,43.364531,-89.66396,0.22,place,,,Merrimac,WI,Sauk County,53561,US,TIGER/Line® dataset from the US Census Bureau,,,,,,,,,
9,53 Idfu Parkway,,Nantou,,42399,38.338107,-90.969862,0.17,place,,,Parkway,MO,Franklin County,63077,US,TIGER/Line® dataset from the US Census Bureau,,,,,,,,,
10,1795 Santiago de Compostela Way,,Laredo,,18743,41.245915,-75.881308,0.06,place,,,Wilkes-Barre,PA,Luzerne County,18743,US,TIGER/Line® dataset from the US Census Bureau,,,,,,,,,
11,900 Santiago de Compostela Parkway,,Kragujevac,,93896,0,0,0,,,,,,,,,,,,,,,,,,
12,478 Joliet Way,,Hamilton,,77948,39.425137,-84.472925,0.23,place,,,Hamilton,OH,Butler County,45011,US,TIGER/Line® dataset from the US Census Bureau,,,,,,,,,
13,613 Korolev Drive,,Masqat,,45844,40.922538,-84.295652,0.22,place,,,Fort Jennings,OH,Putnam County,45844,US,TIGER/Line® dataset from the US Census Bureau,,,,,,,,,
14,1531 Sal Drive,,Esfahan,,53628,37.979232,-85.712459,0.17,place,,,Salt River,KY,Bullitt County,40165,US,TIGER/Line® dataset from the US Census Bureau,,,,,,,,,
15,1542 Tarlac Parkway,,Sagamihara,,1027,42.26676,-72.66898,0.22,place,,,Easthampton,MA,Hampshire County,1027,US,TIGER/Line® dataset from the US Census Bureau,,,,,,,,,
16,808 Bhopal Manor,,Yamuna Nagar,,10672,45.77135,-87.99485,0.23,place,,,Niagara,WI,Marinette County,54151,US,TIGER/Line® dataset from the US Census Bureau,,,,,,,,,
17,270 Amroha Parkway,,Osmaniye,,29610,34.849745,-82.453779,0.22,place,,,Greenville,SC,Greenville County,29610,US,TIGER/Line® dataset from the US Census Bureau,,,,,,,,,
18,770 Bydgoszcz Avenue,,Citrus Heights,,16266,38.689802,-121.26736,0.23,place,,,Citrus Heights,CA,Sacramento County,95610,US,TIGER/Line® dataset from the US Census Bureau,,,,,,,,,
19,419 Iligan Lane,,Bhopal,,72878,0,0,0,,,,,,,,,,,,,,,,,,
20,360 Toulouse Parkway,,Southend-on-Sea,,54308,44.459509,-87.805912,0.22,place,,,Green Bay,WI,Brown County,54308,US,TIGER/Line® dataset from the US Census Bureau,,,,,,,,,
21,270 Toulon Boulevard,,Elista,,81766,32.66367,-116.27363,0.23,place,,,Boulevard,CA,San Diego County,91905,US,TIGER/Line® dataset from the US Census Bureau,,,,,,,,,
22,320 Brest Avenue,,Kaduna,,43331,40.501851,-83.92023,0.22,place,,,Lakeview,OH,Logan County,43331,US,TIGER/Line® dataset from the US Census Bureau,,,,,,,,,
23,1417 Lancaster Avenue,,Kimberley,,72192,38.300217,-76.743445,0.23,place,,,Avenue,MD,St. Mary's County,20609,US,TIGER/Line® dataset from the US Census Bureau,,,,,,,,,
24,1688 Okara Way,,Mardan,,21954,39.641185,-81.183444,0.17,place,,,Way,OH,Monroe County,45734,US,TIGER/Line® dataset from the US Census Bureau,,,,,,,,,
25,262 A Corua (La Corua) Parkway,,Tangail,,34418,38.338107,-90.969862,0.17,place,,,Parkway,MO,Franklin County,63077,US,TIGER/Line® dataset from the US Census Bureau,,,,,,,,,
26,28 Charlotte Amalie Street,,Sal,,37551,39.657355,-76.371332,0.23,place,,,Street,MD,Harford County,21154,US,TIGER/Line® dataset from the US Census Bureau,,,,,,,,,
27,1780 Hino Boulevard,,Liepaja,,7716,40.40789,-74.03431,0.22,place,,,Atlantic Highlands,NJ,Monmouth County,7716,US,TIGER/Line® dataset from the US Census Bureau,,,,,,,,,
28,96 Tafuna Way,,Crdoba,,99865,39.641185,-81.183444,0.17,place,,,Way,OH,Monroe County,45734,US,TIGER/Line® dataset from the US Census Bureau,,,,,,,,,
29,934 San Felipe de Puerto Plata Street,,Shikarpur,,99780,63.32782,-143.03804,0.09,place,,,Tok,AK,Southeast Fairbanks Census Area,99780,US,TIGER/Line® dataset from the US Census Bureau,,,,,,,,,
30,18 Duisburg Boulevard,,Citt del Vaticano,,58327,48.091012,-98.573116,0.22,place,,,Crary,ND,Ramsey County,58327,US,TIGER/Line® dataset from the US Census Bureau,,,,,,,,,
31,217 Botshabelo Place,,Davao,,49521,42.96336,-85.668086,0.16,place,,,Grand Rapids,MI,Kent County,49521,US,TIGER/Line® dataset from the US Census Bureau,,,,,,,,,
32,1425 Shikarpur Manor,,Munger (Monghyr),,65599,43.529339,-83.762898,0.23,place,,,Munger,MI,Bay County,48747,US,TIGER/Line® dataset from the US Census Bureau,,,,,,,,,
33,786 Aurora Avenue,,Shimonoseki,,65750,38.300217,-76.743445,0.23,place,,,Avenue,MD,St. Mary's County,20609,US,TIGER/Line® dataset from the US Census Bureau,,,,,,,,,
34,1668 Anpolis Street,,Lungtan,,50199,39.657355,-76.371332,0.23,place,,,Street,MD,Harford County,21154,US,TIGER/Line® dataset from the US Census Bureau,,,,,,,,,
35,33 Gorontalo Way,,Kamarhati,,30348,33.844371,-84.47405,0.22,place,,,Atlanta,GA,Fulton County,30348,US,TIGER/Line® dataset from the US Census Bureau,,,,,,,,,
36,176 Mandaluyong Place,,Jhansi,,65213,38.689283,-120.054929,0.17,place,,,Plasse,CA,Amador County,95646,US,TIGER/Line® dataset from the US Census Bureau,,,,,,,,,
37,127 Purnea (Purnia) Manor,,Alessandria,,79388,37.865945,-81.267882,0.17,place,,,Maynor,WV,Raleigh County,25801,US,TIGER/Line® dataset from the US Census Bureau,,,,,,,,,
38,61 Tama Street,,Kurashiki,,94065,37.53256,-122.247806,0.22,place,,,Redwood City,CA,San Mateo County,94065,US,TIGER/Line® dataset from the US Census Bureau,,,,,,,,,
39,391 Callao Drive,,Toulouse,,34021,37.961716,-76.577422,0.23,place,,,Callao,VA,Northumberland County,22435,US,TIGER/Line® dataset from the US Census Bureau,,,,,,,,,
40,334 Munger (Monghyr) Lane,,Arak,,38145,35.201738,-89.971538,0.09,place,,,Memphis,TN,Shelby County,38145,US,TIGER/Line® dataset from the US Census Bureau,,,,,,,,,
41,1440 Fukuyama Loop,,Nanyang,,47929,40.66309,-86.86946,0.22,place,,,Chalmers,IN,White County,47929,US,TIGER/Line® dataset from the US Census Bureau,,,,,,,,,
42,269 Cam Ranh Parkway,,Chisinau,,34689,28.148306,-82.759877,0.22,place,,,Tarpon Springs,FL,Pinellas County,34689,US,TIGER/Line® dataset from the US Census Bureau,,,,,,,,,
43,306 Antofagasta Place,,Vila Velha,,3989,38.689283,-120.054929,0.17,place,,,Plasse,CA,Amador County,95646,US,TIGER/Line® dataset from the US Census Bureau,,,,,,,,,
44,671 Graz Street,,Nador,,94399,39.657355,-76.371332,0.23,place,,,Street,MD,Harford County,21154,US,TIGER/Line® dataset from the US Census Bureau,,,,,,,,,
45,42 Brindisi Place,,Yerevan,,16744,41.867085,-78.567081,0.22,place,,,Rew,PA,McKean County,16744,US,TIGER/Line® dataset from the US Census Bureau,,,,,,,,,
46,1632 Bislig Avenue,,Pak Kret,,61117,42.271131,-89.093995,0.16,place,,,Rockford,IL,Winnebago County,61117,US,TIGER/Line® dataset from the US Census Bureau,,,,,,,,,
47,1447 Imus Way,,Faaa,,48942,39.641185,-81.183444,0.17,place,,,Way,OH,Monroe County,45734,US,TIGER/Line® dataset from the US Census Bureau,,,,,,,,,
48,1998 Halifax Drive,,Lipetsk,,76022,32.831019,-97.144339,0.22,place,,,Bedford,TX,Tarrant County,76022,US,TIGER/Line® dataset from the US Census Bureau,,,,,,,,,
49,1718 Valencia Street,,Antofagasta,,37359,35.194599,-86.467197,0.22,place,,,Mulberry,TN,Lincoln County,37359,US,TIGER/Line® dataset from the US Census Bureau,,,,,,,,,
50,46 Pjatigorsk Lane,,Moscow,,23616,0,0,0,,,,,,,,,,,,,,,,,,
51,686 Garland Manor,,Juazeiro do Norte,,52535,40.827181,-91.951174,0.09,place,,,Birmingham,IA,Van Buren County,52535,US,TIGER/Line® dataset from the US Census Bureau,,,,,,,,,
52,909 Garland Manor,,Niznekamsk,,69367,42.788579,-103.299462,0.09,place,,,Whitney,NE,Dawes County,69367,US,TIGER/Line® dataset from the US Census Bureau,,,,,,,,,
53,725 Isesaki Place,,Jedda,,74428,35.55556,-95.65139,0.22,place,,,Council Hill,OK,Muskogee County,74428,US,TIGER/Line® dataset from the US Census Bureau,,,,,,,,,
54,115 Hidalgo Parkway,,Omdurman,,80168,38.338107,-90.969862,0.17,place,,,Parkway,MO,Franklin County,63077,US,TIGER/Line® dataset from the US Census Bureau,,,,,,,,,
55,1135 Izumisano Parkway,,Fontana,,48150,42.369351,-83.371753,0.09,place,,,Livonia,MI,Wayne County,48150,US,TIGER/Line® dataset from the US Census Bureau,,,,,,,,,
56,939 Probolinggo Loop,,A Corua (La Corua),,4166,32.91537,-102.41602,0.23,place,,,Loop,TX,Gaines County,79342,US,TIGER/Line® dataset from the US Census Bureau,,,,,,,,,
57,17 Kabul Boulevard,,Nagareyama,,38594,32.66367,-116.27363,0.23,place,,,Boulevard,CA,San Diego County,91905,US,TIGER/Line® dataset from the US Census Bureau,,,,,,,,,
58,1964 Allappuzha (Alleppey) Street,,Iwakuni,,48980,42.599184,-84.371973,0.22,place,,,Lansing,MI,Ingham County,48980,US,TIGER/Line® dataset from the US Census Bureau,,,,,,,,,
59,1697 Kowloon and New Kowloon Loop,,Balaiha,,57807,32.91537,-102.41602,0.23,place,,,Loop,TX,Gaines County,79342,US,TIGER/Line® dataset from the US Census Bureau,,,,,,,,,
60,1668 Saint Louis Place,,Papeete,,39072,45.409279,-68.666598,1,state,,,,ME,,,US,US Census Bureau,,,,,,,,,
61,943 Tokat Street,,Vaduz,,45428,39.746656,-84.259292,0.22,place,,,Dayton,OH,Montgomery County,45428,US,TIGER/Line® dataset from the US Census Bureau,,,,,,,,,
62,1114 Liepaja Street,,Kuching,,69226,39.657355,-76.371332,0.23,place,,,Street,MD,Harford County,21154,US,TIGER/Line® dataset from the US Census Bureau,,,,,,,,,
63,1213 Ranchi Parkway,,Mysore,,94352,38.338107,-90.969862,0.17,place,,,Parkway,MO,Franklin County,63077,US,TIGER/Line® dataset from the US Census Bureau,,,,,,,,,
64,81 Hodeida Way,,Jaipur,,55561,44.805487,-93.766524,0.22,place,,,Monticello,MN,Wright County,55561,US,TIGER/Line® dataset from the US Census Bureau,,,,,,,,,
65,915 Ponce Place,,Basel,,83980,40.361148,-87.511407,0.2,place,,,Pence,IN,Warren County,47973,US,TIGER/Line® dataset from the US Census Bureau,,,,,,,,,
66,1717 Guadalajara Lane,,Saint Louis,,85505,0,0,0,,,,,,,,,,,,,,,,,,
67,1214 Hanoi Way,,Lincoln,,67055,37.78335,-97.205419,0.22,place,,,Greenwich,KS,Sedgwick County,67055,US,TIGER/Line® dataset from the US Census Bureau,,,,,,,,,
68,1966 Amroha Avenue,,Daxian,,70385,38.300217,-76.743445,0.23,place,,,Avenue,MD,St. Mary's County,20609,US,TIGER/Line® dataset from the US Census Bureau,,,,,,,,,
69,698 Otsu Street,,Cayenne,,71110,32.513749,-93.640362,0.22,place,,,Barksdale Afb,LA,Bossier Parish,71110,US,TIGER/Line® dataset from the US Census Bureau,,,,,,,,,
70,1150 Kimchon Manor,,Malm,,96109,40.02796,-120.10382,0.22,place,,,Doyle,CA,Lassen County,96109,US,TIGER/Line® dataset from the US Census Bureau,,,,,,,,,
71,1586 Guaruj Place,,Xiangtan,,5135,38.689283,-120.054929,0.17,place,,,Plasse,CA,Amador County,95646,US,TIGER/Line® dataset from the US Census Bureau,,,,,,,,,
72,57 Arlington Manor,,Shivapuri,,48960,47.863149,-121.88433,0.12,place,,,Monroe,WA,Snohomish County,98272,US,TIGER/Line® dataset from the US Census Bureau,,,,,,,,,
73,1031 Daugavpils Parkway,,Bchar,,59025,45.0272,-106.81868,0.22,place,,,Decker,MT,Big Horn County,59025,US,TIGER/Line® dataset from the US Census Bureau,,,,,,,,,
74,1124 Buenaventura Drive,,al-Hawiya,,6856,41.111196,-73.420363,0.13,place,,,Norwalk,CT,Fairfield County,6856,US,TIGER/Line® dataset from the US Census Bureau,,,,,,,,,
75,492 Cam Ranh Street,,Baybay,,50805,39.657355,-76.371332,0.23,place,,,Street,MD,Harford County,21154,US,TIGER/Line® dataset from the US Census Bureau,,,,,,,,,
76,89 Allappuzha (Alleppey) Manor,,Taguig,,75444,32.777228,-95.407675,0.22,place,,,Golden,TX,Wood County,75444,US,TIGER/Line® dataset from the US Census Bureau,,,,,,,,,
77,1947 Poos de Caldas Boulevard,,Chiayi,,60951,40.931202,-87.747179,0.09,place,,,Martinton,IL,Iroquois County,60951,US,TIGER/Line® dataset from the US Census Bureau,,,,,,,,,
78,1206 Dos Quebradas Place,,Rio Claro,,20207,38.893311,-77.014647,0.22,place,,,Washington,DC,District of Columbia,20207,US,TIGER/Line® dataset from the US Census Bureau,,,,,,,,,
79,1551 Rampur Lane,,Changhwa,,72394,35.02342,-90.68483,0.09,place,,,Widener,AR,St. Francis County,72394,US,TIGER/Line® dataset from the US Census Bureau,,,,,,,,,
80,602 Paarl Street,,Pavlodar,,98889,39.657355,-76.371332,0.23,place,,,Street,MD,Harford County,21154,US,TIGER/Line® dataset from the US Census Bureau,,,,,,,,,
81,1692 Ede Loop,,Araatuba,,9223,32.91537,-102.41602,0.23,place,,,Loop,TX,Gaines County,79342,US,TIGER/Line® dataset from the US Census Bureau,,,,,,,,,
82,936 Salzburg Lane,,Rae Bareli,,96709,23.573339,-164.701172,0.09,place,,,Kapolei,HI,Honolulu County,96709,US,TIGER/Line® dataset from the US Census Bureau,,,,,,,,,
83,586 Tete Way,,Kamakura,,1079,42.192892,-72.329574,0.22,place,,,Thorndike,MA,Hampden County,1079,US,TIGER/Line® dataset from the US Census Bureau,,,,,,,,,
84,1888 Kabul Drive,,Ife,,20936,0,0,0,,,,,,,,,,,,,,,,,,
85,320 Baiyin Parkway,,Mahajanga,,37307,35.17424,-84.65355,0.22,place,,,Benton,TN,Polk County,37307,US,TIGER/Line® dataset from the US Census Bureau,,,,,,,,,
86,927 Baha Blanca Parkway,,Simferopol,,9495,38.338107,-90.969862,0.17,place,,,Parkway,MO,Franklin County,63077,US,TIGER/Line® dataset from the US Census Bureau,,,,,,,,,
87,929 Tallahassee Loop,,Springs,,74671,32.91537,-102.41602,0.23,place,,,Loop,TX,Gaines County,79342,US,TIGER/Line® dataset from the US Census Bureau,,,,,,,,,
88,125 Citt del Vaticano Boulevard,,Atlixco,,67912,32.66367,-116.27363,0.23,place,,,Boulevard,CA,San Diego County,91905,US,TIGER/Line® dataset from the US Census Bureau,,,,,,,,,
89,1557 Ktahya Boulevard,,Bradford,,88002,32.383871,-106.493675,0.22,place,,,White Sands Missile Range,NM,Doña Ana County,88002,US,TIGER/Line® dataset from the US Census Bureau,,,,,,,,,
90,870 Ashqelon Loop,,Songkhla,,84931,32.91537,-102.41602,0.23,place,,,Loop,TX,Gaines County,79342,US,TIGER/Line® dataset from the US Census Bureau,,,,,,,,,
91,1740 Portoviejo Avenue,,Sincelejo,,29932,32.81378,-81.23983,0.22,place,,,Luray,SC,Hampton County,29932,US,TIGER/Line® dataset from the US Census Bureau,,,,,,,,,
92,1942 Ciparay Parkway,,Cheju,,82624,42.866632,-106.313081,0.16,place,,,Casper,WY,Natrona County,82624,US,TIGER/Line® dataset from the US Census Bureau,,,,,,,,,
93,1926 El Alto Avenue,,La Plata,,75543,0,0,0,,,,,,,,,,,,,,,,,,
94,1952 Chatsworth Drive,,Meixian,,25958,38.00234,-80.73703,0.22,place,,,Charmco,WV,Greenbrier County,25958,US,TIGER/Line® dataset from the US Census Bureau,,,,,,,,,
95,1370 Le Mans Avenue,,Bandar Seri Begawan,,52163,43.216975,-92.092682,0.09,place,,,Protivin,IA,Howard County,52163,US,TIGER/Line® dataset from the US Census Bureau,,,,,,,,,
96,984 Effon-Alaiye Avenue,,Goinia,,17119,40.2737,-76.884418,0.16,place,,,Harrisburg,PA,Dauphin County,17119,US,TIGER/Line® dataset from the US Census Bureau,,,,,,,,,
97,832 Nakhon Sawan Manor,,Zalantun,,49021,42.514158,-85.014665,0.22,place,,,Bellevue,MI,Eaton County,49021,US,TIGER/Line® dataset from the US Census Bureau,,,,,,,,,
98,152 Kitwe Parkway,,Bislig,,53182,42.739435,-88.083092,0.22,place,,,Union Grove,WI,Racine County,53182,US,TIGER/Line® dataset from the US Census Bureau,,,,,,,,,
99,1697 Tanauan Lane,,Pathankot,,22870,0,0,0,,,,,,,,,,,,,,,,,,
100,1308 Arecibo Way,,Augusta-Richmond County,,30695,37.524246,-77.493157,0.23,place,,,Richmond,VA,Richmond city,23218,US,TIGER/Line® dataset from the US Census Bureau,,,,,,,,,
101,1599 Plock Drive,,Tete,,71986,41.320273,-79.926847,0.23,place,,,Polk,PA,Venango County,16342,US,TIGER/Line® dataset from the US Census Bureau,,,,,,,,,
102,669 Firozabad Loop,,al-Ayn,,92265,33.830296,-116.545292,0.06,place,,,Palm Springs,CA,Riverside County,92265,US,TIGER/Line® dataset from the US Census Bureau,,,,,,,,,
103,588 Vila Velha Manor,,Kimchon,,51540,41.013156,-95.500756,0.22,place,,,Hastings,IA,Mills County,51540,US,TIGER/Line® dataset from the US Census Bureau,,,,,,,,,
104,1913 Kamakura Place,,Jelets,,97287,38.689283,-120.054929,0.17,place,,,Plasse,CA,Amador County,95646,US,TIGER/Line® dataset from the US Census Bureau,,,,,,,,,
105,733 Mandaluyong Place,,Abha,,77459,29.529062,-95.530597,0.22,place,,,Missouri City,TX,Fort Bend County,77459,US,TIGER/Line® dataset from the US Census Bureau,,,,,,,,,
106,659 Vaduz Drive,,Ashdod,,49708,39.042313,-80.702322,0.2,place,,,Vadis,WV,Lewis County,26445,US,TIGER/Line® dataset from the US Census Bureau,,,,,,,,,
107,1177 Jelets Way,,Ilorin,,3305,43.2134,-71.517151,0.22,place,,,Concord,NH,Merrimack County,3305,US,TIGER/Line® dataset from the US Census Bureau,,,,,,,,,
108,1386 Yangor Avenue,,Toulon,,80720,40.073328,-103.202379,0.22,place,,,Akron,CO,Washington County,80720,US,TIGER/Line® dataset from the US Census Bureau,,,,,,,,,
109,454 Nakhon Sawan Boulevard,,Funafuti,,76383,33.633426,-99.566196,0.2,place,,,Vera,TX,Knox County,76383,US,TIGER/Line® dataset from the US Census Bureau,,,,,,,,,
110,1867 San Juan Bautista Tuxtepec Avenue,,Ivanovo,,78311,38.300217,-76.743445,0.23,place,,,Avenue,MD,St. Mary's County,20609,US,TIGER/Line® dataset from the US Census Bureau,,,,,,,,,
111,1532 Dzerzinsk Way,,Merlo,,9599,39.641185,-81.183444,0.17,place,,,Way,OH,Monroe County,45734,US,TIGER/Line® dataset from the US Census Bureau,,,,,,,,,
112,1002 Ahmadnagar Manor,,Huixquilucan,,93026,37.865945,-81.267882,0.17,place,,,Maynor,WV,Raleigh County,25801,US,TIGER/Line® dataset from the US Census Bureau,,,,,,,,,
113,682 Junan Way,,Klerksdorp,,30418,39.641185,-81.183444,0.17,place,,,Way,OH,Monroe County,45734,US,TIGER/Line® dataset from the US Census Bureau,,,,,,,,,
114,804 Elista Drive,,Enshi,,61069,40.52007,-78.531683,0.17,place,,,Elstie,PA,Cambria County,16613,US,TIGER/Line® dataset from the US Census Bureau,,,,,,,,,
115,1378 Alvorada Avenue,,Caracas,,75834,31.105786,-95.138794,0.22,place,,,Centralia,TX,Trinity County,75834,US,TIGER/Line® dataset from the US Census Bureau,,,,,,,,,
116,793 Cam Ranh Avenue,,Lancaster,,87057,34.650925,-105.880597,0.22,place,,,Tajique,NM,Torrance County,87057,US,TIGER/Line® dataset from the US Census Bureau,,,,,,,,,
117,1079 Tel Aviv-Jaffa Boulevard,,Cuman,,10885,32.66367,-116.27363,0.23,place,,,Boulevard,CA,San Diego County,91905,US,TIGER/Line® dataset from the US Census Bureau,,,,,,,,,
118,442 Rae Bareli Place,,Duisburg,,24321,36.832058,-81.814566,0.2,place,,,Clinchburg,VA,Washington County,24321,US,TIGER/Line® dataset from the US Census Bureau,,,,,,,,,
119,1107 Nakhon Sawan Avenue,,Nezahualcyotl,,75149,32.777779,-96.62315,0.22,place,,,Mesquite,TX,Dallas County,75149,US,TIGER/Line® dataset from the US Census Bureau,,,,,,,,,
120,544 Malm Parkway,,Pemalang,,63502,38.338107,-90.969862,0.17,place,,,Parkway,MO,Franklin County,63077,US,TIGER/Line® dataset from the US Census Bureau,,,,,,,,,
121,1967 Sincelejo Place,,Gandhinagar,,73644,35.419594,-99.437791,0.22,place,,,Elk City,OK,Beckham County,73644,US,TIGER/Line® dataset from the US Census Bureau,,,,,,,,,
122,333 Goinia Way,,Grand Prairie,,78625,32.776671,-97.009389,0.23,place,,,Grand Prairie,TX,Dallas County,75050,US,TIGER/Line® dataset from the US Census Bureau,,,,,,,,,
123,1987 Coacalco de Berriozbal Loop,,Shubra al-Khayma,,96065,40.900945,-121.916728,0.09,place,,,Montgomery Creek,CA,Shasta County,96065,US,TIGER/Line® dataset from the US Census Bureau,,,,,,,,,
124,241 Mosul Lane,,Dos Quebradas,,76157,0,0,0,,,,,,,,,,,,,,,,,,
125,211 Chiayi Drive,,Etawah,,58186,35.31662,-82.5956,0.23,place,,,Etowah,NC,Henderson County,28729,US,TIGER/Line® dataset from the US Census Bureau,,,,,,,,,
126,1175 Tanauan Way,,Lima,,64615,40.772147,-84.0471,0.23,place,,,Lima,OH,Allen County,45801,US,TIGER/Line® dataset from the US Census Bureau,,,,,,,,,
127,117 Boa Vista Way,,Varanasi (Benares),,6804,41.48259,-73.40957,0.22,place,,,Brookfield,CT,Fairfield County,6804,US,TIGER/Line® dataset from the US Census Bureau,,,,,,,,,
128,848 Tafuna Manor,,Ktahya,,45142,39.204555,-83.810822,0.22,place,,,Lynchburg,OH,Highland County,45142,US,TIGER/Line® dataset from the US Census Bureau,,,,,,,,,
129,569 Baicheng Lane,,Boksburg,,60304,41.872389,-87.789483,0.09,place,,,Oak Park,IL,Cook County,60304,US,TIGER/Line® dataset from the US Census Bureau,,,,,,,,,
130,1666 Qomsheh Drive,,Po,,66255,0,0,0,,,,,,,,,,,,,,,,,,
131,801 Hagonoy Drive,,Smolensk,,8439,0,0,0,,,,,,,,,,,,,,,,,,
132,1050 Garden Grove Avenue,,Jastrzebie-Zdrj,,4999,38.300217,-76.743445,0.23,place,,,Avenue,MD,St. Mary's County,20609,US,TIGER/Line® dataset from the US Census Bureau,,,,,,,,,
133,1854 Tieli Street,,Liaocheng,,15819,39.657355,-76.371332,0.23,place,,,Street,MD,Harford County,21154,US,TIGER/Line® dataset from the US Census Bureau,,,,,,,,,
134,758 Junan Lane,,guas Lindas de Gois,,82639,43.720933,-106.541709,0.09,place,,,Kaycee,WY,Johnson County,82639,US,TIGER/Line® dataset from the US Census Bureau,,,,,,,,,
135,1752 So Leopoldo Parkway,,Mukateve,,14014,38.338107,-90.969862,0.17,place,,,Parkway,MO,Franklin County,63077,US,TIGER/Line® dataset from the US Census Bureau,,,,,,,,,
136,898 Belm Manor,,Botshabelo,,49757,45.853721,-84.618203,0.22,place,,,Mackinac Island,MI,Mackinac County,49757,US,TIGER/Line® dataset from the US Census Bureau,,,,,,,,,
137,261 Saint Louis Way,,Torren,,83401,43.54241,-111.877936,0.09,place,,,Idaho Falls,ID,Bonneville County,83401,US,TIGER/Line® dataset from the US Census Bureau,,,,,,,,,
138,765 Southampton Drive,,Qalyub,,4285,44.69867,-70.42145,0.22,place,,,Weld,ME,Franklin County,4285,US,TIGER/Line® dataset from the US Census Bureau,,,,,,,,,
139,943 Johannesburg Avenue,,Pune,,5892,38.300217,-76.743445,0.23,place,,,Avenue,MD,St. Mary's County,20609,US,TIGER/Line® dataset from the US Census Bureau,,,,,,,,,
140,788 Atinsk Street,,Hubli-Dharwad,,81691,39.657355,-76.371332,0.23,place,,,Street,MD,Harford County,21154,US,TIGER/Line® dataset from the US Census Bureau,,,,,,,,,
141,1749 Daxian Place,,Apeldoorn,,11044,40.754757,-73.601772,0.22,place,,,New Hyde Park,NY,Nassau County,11044,US,TIGER/Line® dataset from the US Census Bureau,,,,,,,,,
142,1587 Sullana Lane,,Hohhot,,85769,0,0,0,,,,,,,,,,,,,,,,,,
143,1029 Dzerzinsk Manor,,Touliu,,57519,37.865945,-81.267882,0.17,place,,,Maynor,WV,Raleigh County,25801,US,TIGER/Line® dataset from the US Census Bureau,,,,,,,,,
144,1666 Beni-Mellal Place,,Clarksville,,13377,36.522633,-87.334932,0.23,place,,,Clarksville,TN,Montgomery County,37040,US,TIGER/Line® dataset from the US Census Bureau,,,,,,,,,
145,928 Jaffna Loop,,Fukuyama,,93762,36.746375,-119.639658,0.22,place,,,Fresno,CA,Fresno County,93762,US,TIGER/Line® dataset from the US Census Bureau,,,,,,,,,
146,483 Ljubertsy Parkway,,Dundee,,60562,41.964903,-83.668808,0.23,place,,,Dundee,MI,Monroe County,48131,US,TIGER/Line® dataset from the US Census Bureau,,,,,,,,,
147,374 Bat Yam Boulevard,,Kilis,,97700,32.66367,-116.27363,0.23,place,,,Boulevard,CA,San Diego County,91905,US,TIGER/Line® dataset from the US Census Bureau,,,,,,,,,
148,1027 Songkhla Manor,,Molodetno,,30861,37.865945,-81.267882,0.17,place,,,Maynor,WV,Raleigh County,25801,US,TIGER/Line® dataset from the US Census Bureau,,,,,,,,,
149,999 Sanaa Loop,,Soshanguve,,3439,32.91537,-102.41602,0.23,place,,,Loop,TX,Gaines County,79342,US,TIGER/Line® dataset from the US Census Bureau,,,,,,,,,
150,879 Newcastle Way,,Sterling Heights,,90732,33.74212,-118.312878,0.22,place,,,San Pedro,CA,Los Angeles County,90732,US,TIGER/Line® dataset from the US Census Bureau,,,,,,,,,
151,1337 Lincoln Parkway,,Urawa,,99457,38.394252,-91.33959,0.5,street_center,,Lincoln,Gerald,MO,Franklin County,63037,US,TIGER/Line® dataset from the US Census Bureau,,,,,,,,,
152,1952 Pune Lane,,Saint-Denis,,92150,32.725777,-116.912372,0.1,street_center,,Pine Ln,Spring Valley,CA,San Diego County,91978,US,TIGER/Line® dataset from the US Census Bureau,,,,,,,,,
153,782 Mosul Street,,Brockton,,25545,38.456541,-82.234177,0.22,place,,,Ona,WV,Cabell County,25545,US,TIGER/Line® dataset from the US Census Bureau,,,,,,,,,
154,781 Shimonoseki Drive,,Hidalgo,,95444,38.434926,-122.868154,0.22,place,,,Graton,CA,Sonoma County,95444,US,TIGER/Line® dataset from the US Census Bureau,,,,,,,,,
155,1560 Jelets Boulevard,,Laiwu,,77777,32.66367,-116.27363,0.23,place,,,Boulevard,CA,San Diego County,91905,US,TIGER/Line® dataset from the US Census Bureau,,,,,,,,,
156,1963 Moscow Place,,Nagaon,,64863,36.51258,-94.61133,0.22,place,,,South West City,MO,McDonald County,64863,US,TIGER/Line® dataset from the US Census Bureau,,,,,,,,,
157,456 Escobar Way,,Jakarta,,36061,32.092808,-85.704649,0.22,place,,,Perote,AL,Bullock County,36061,US,TIGER/Line® dataset from the US Census Bureau,,,,,,,,,
158,798 Cianjur Avenue,,Yuncheng,,76990,38.300217,-76.743445,0.23,place,,,Avenue,MD,St. Mary's County,20609,US,TIGER/Line® dataset from the US Census Bureau,,,,,,,,,
159,185 Novi Sad Place,,Bern,,41778,37.283017,-83.321215,0.22,place,,,Yerkes,KY,Perry County,41778,US,TIGER/Line® dataset from the US Census Bureau,,,,,,,,,
160,1367 Yantai Manor,,Ondo,,21294,39.290385,-76.612189,0.16,place,,,Baltimore,MD,Baltimore city,21294,US,TIGER/Line® dataset from the US Census Bureau,,,,,,,,,
161,1386 Nakhon Sawan Boulevard,,Pyongyang,,53502,42.712827,-89.45123,0.22,place,,,Albany,WI,Green County,53502,US,TIGER/Line® dataset from the US Census Bureau,,,,,,,,,
162,369 Papeete Way,,Greensboro,,66639,39.048334,-95.678037,0.16,place,,,Topeka,KS,Shawnee County,66639,US,TIGER/Line® dataset from the US Census Bureau,,,,,,,,,
163,1440 Compton Place,,Linz,,81037,37.744731,-105.071385,0.2,place,,,Farisita,CO,Huerfano County,81037,US,TIGER/Line® dataset from the US Census Bureau,,,,,,,,,
164,1623 Baha Blanca Manor,,Ljubertsy,,81511,39.063871,-108.550649,0.16,place,,,Grand Junction,CO,Mesa County,81511,US,TIGER/Line® dataset from the US Census Bureau,,,,,,,,,
165,97 Shimoga Avenue,,Tel Aviv-Jaffa,,44660,40.622284,-81.782532,0.22,place,,,Mount Hope,OH,Holmes County,44660,US,TIGER/Line® dataset from the US Census Bureau,,,,,,,,,
166,1740 Le Mans Loop,,Le Mans,,22853,38.63976,-78.781566,0.09,place,,,Timberville,VA,Rockingham County,22853,US,TIGER/Line® dataset from the US Census Bureau,,,,,,,,,
167,1287 Xiangfan Boulevard,,Kakamigahara,,57844,32.66367,-116.27363,0.23,place,,,Boulevard,CA,San Diego County,91905,US,TIGER/Line® dataset from the US Census Bureau,,,,,,,,,
168,842 Salzburg Lane,,Tarsus,,3313,44.413523,-68.251778,0.12,place,,,Salsbury Cove,ME,Hancock County,4672,US,TIGER/Line® dataset from the US Census Bureau,,,,,,,,,
169,154 Tallahassee Loop,,Hami,,62250,38.54144,-89.26369,0.22,place,,,Hoffman,IL,Clinton County,62250,US,TIGER/Line® dataset from the US Census Bureau,,,,,,,,,
170,710 San Felipe del Progreso Avenue,,Lilongwe,,76901,31.44451,-100.533397,0.22,place,,,San Angelo,TX,Tom Green County,76901,US,TIGER/Line® dataset from the US Census Bureau,,,,,,,,,
171,1540 Wroclaw Drive,,Chandrapur,,62686,39.23868,-89.889363,0.33,place,,,Standard City,IL,Macoupin County,62686,US,TIGER/Line® dataset from the US Census Bureau,,,,,,,,,
172,475 Atinsk Way,,Jinchang,,59571,39.641185,-81.183444,0.17,place,,,Way,OH,Monroe County,45734,US,TIGER/Line® dataset from the US Census Bureau,,,,,,,,,
173,1294 Firozabad Drive,,Pingxiang,,70618,0,0,0,,,,,,,,,,,,,,,,,,
174,1877 Ezhou Lane,,Udaipur,,63337,0,0,0,,,,,,,,,,,,,,,,,,
175,316 Uruapan Street,,Ipoh,,58194,39.657355,-76.371332,0.23,place,,,Street,MD,Harford County,21154,US,TIGER/Line® dataset from the US Census Bureau,,,,,,,,,
176,29 Pyongyang Loop,,Batman,,47753,32.91537,-102.41602,0.23,place,,,Loop,TX,Gaines County,79342,US,TIGER/Line® dataset from the US Census Bureau,,,,,,,,,
177,1010 Klerksdorp Way,,Graz,,6802,39.641185,-81.183444,0.17,place,,,Way,OH,Monroe County,45734,US,TIGER/Line® dataset from the US Census Bureau,,,,,,,,,
178,1848 Salala Boulevard,,Ocumare del Tuy,,25220,37.19672,-89.7362,0.23,place,,,Delta,MO,Cape Girardeau County,63744,US,TIGER/Line® dataset from the US Census Bureau,,,,,,,,,
179,431 Xiangtan Avenue,,Allappuzha (Alleppey),,4854,44.07951,-69.085574,0.22,place,,,Owls Head,ME,Knox County,4854,US,TIGER/Line® dataset from the US Census Bureau,,,,,,,,,
180,757 Rustenburg Avenue,,Skikda,,89668,38.300217,-76.743445,0.23,place,,,Avenue,MD,St. Mary's County,20609,US,TIGER/Line® dataset from the US Census Bureau,,,,,,,,,
181,146 Johannesburg Way,,Matamoros,,54132,39.641185,-81.183444,0.17,place,,,Way,OH,Monroe County,45734,US,TIGER/Line® dataset from the US Census Bureau,,,,,,,,,
182,1891 Rizhao Boulevard,,Santa Brbara dOeste,,47288,34.421897,-119.707135,0.23,place,,,Santa Barbara,CA,Santa Barbara County,93101,US,TIGER/Line® dataset from the US Census Bureau,,,,,,,,,
183,1089 Iwatsuki Avenue,,Kirovo-Tepetsk,,35109,38.300217,-76.743445,0.23,place,,,Avenue,MD,St. Mary's County,20609,US,TIGER/Line® dataset from the US Census Bureau,,,,,,,,,
184,1410 Benin City Parkway,,Pereira,,29747,38.338107,-90.969862,0.17,place,,,Parkway,MO,Franklin County,63077,US,TIGER/Line® dataset from the US Census Bureau,,,,,,,,,
185,682 Garden Grove Place,,Memphis,,67497,35.169255,-89.990415,0.23,place,,,Memphis,TN,Shelby County,37501,US,TIGER/Line® dataset from the US Census Bureau,,,,,,,,,
186,533 al-Ayn Boulevard,,Compton,,8862,40.430006,-74.417344,0.09,place,,,Perth Amboy,NJ,Middlesex County,8862,US,TIGER/Line® dataset from the US Census Bureau,,,,,,,,,
187,1839 Szkesfehrvr Parkway,,Luzinia,,55709,47.347269,-93.388826,0.22,place,,,Bovey,MN,Itasca County,55709,US,TIGER/Line® dataset from the US Census Bureau,,,,,,,,,
188,741 Ambattur Manor,,s-Hertogenbosch,,43310,40.491005,-83.752068,0.22,place,,,Belle Center,OH,Logan County,43310,US,TIGER/Line® dataset from the US Census Bureau,,,,,,,,,
189,927 Barcelona Street,,Shahr-e Kord,,65121,40.319764,-89.989004,0.17,place,,,Eckard,IL,Mason County,62644,US,TIGER/Line® dataset from the US Census Bureau,,,,,,,,,
190,435 0 Way,,Haldia,,74750,33.980066,-95.002496,0.22,place,,,Millerton,OK,McCurtain County,74750,US,TIGER/Line® dataset from the US Census Bureau,,,,,,,,,
191,140 Chiayi Parkway,,Sumy,,38982,38.338107,-90.969862,0.17,place,,,Parkway,MO,Franklin County,63077,US,TIGER/Line® dataset from the US Census Bureau,,,,,,,,,
192,1166 Changhwa Street,,Bayugan,,58852,48.364623,-102.957597,0.22,place,,,Tioga,ND,Williams County,58852,US,TIGER/Line® dataset from the US Census Bureau,,,,,,,,,
193,891 Novi Sad Manor,,Oshawa,,5379,44.300244,-94.10524,0.17,place,,,Oshawa,MN,Nicollet County,56082,US,TIGER/Line® dataset from the US Census Bureau,,,,,,,,,
194,605 Rio Claro Parkway,,Tabora,,49348,42.685065,-85.642406,0.22,place,,,Wayland,MI,Allegan County,49348,US,TIGER/Line® dataset from the US Census Bureau,,,,,,,,,
195,1077 San Felipe de Puerto Plata Place,,Novoterkassk,,65387,0,0,0,,,,,,,,,,,,,,,,,,
196,9 San Miguel de Tucumn Manor,,Firozabad,,90845,33.758785,-118.388044,0.5,rooftop,9,San Miguel,Palos Verdes Peninsula,CA,Los Angeles County,90274,US,Los Angeles County,,,,,,,,,
197,447 Surakarta Loop,,Kisumu,,10428,32.91537,-102.41602,0.23,place,,,Loop,TX,Gaines County,79342,US,TIGER/Line® dataset from the US Census Bureau,,,,,,,,,
198,345 Oshawa Boulevard,,Hino,,32114,29.194,-81.047652,0.22,place,,,Daytona Beach,FL,Volusia County,32114,US,TIGER/Line® dataset from the US Census Bureau,,,,,,,,,
199,1792 Valle de la Pascua Place,,Siegen,,15540,39.796137,-79.247161,0.09,place,,,Fort Hill,PA,Somerset County,15540,US,TIGER/Line® dataset from the US Census Bureau,,,,,,,,,
200,1074 Binzhou Manor,,Mannheim,,36490,40.155927,-76.464018,0.23,place,,,Manheim,PA,Lancaster County,17545,US,TIGER/Line® dataset from the US Census Bureau,,,,,,,,,
201,817 Bradford Loop,,Changzhou,,89459,32.91537,-102.41602,0.23,place,,,Loop,TX,Gaines County,79342,US,TIGER/Line® dataset from the US Census Bureau,,,,,,,,,
202,955 Bamenda Way,,Ikerre,,1545,42.286992,-71.715313,0.22,place,,,Shrewsbury,MA,Worcester County,1545,US,TIGER/Line® dataset from the US Census Bureau,,,,,,,,,
203,1149 A Corua (La Corua) Boulevard,,Haiphong,,95824,38.517256,-121.440764,0.22,place,,,Sacramento,CA,Sacramento County,95824,US,TIGER/Line® dataset from the US Census Bureau,,,,,,,,,
204,387 Mwene-Ditu Drive,,Ashgabat,,8073,45.409279,-68.666598,1,state,,,,ME,,,US,US Census Bureau,,,,,,,,,
205,68 Molodetno Manor,,Witten,,4662,44.294073,-68.284865,0.22,place,,,Northeast Harbor,ME,Hancock County,4662,US,TIGER/Line® dataset from the US Census Bureau,,,,,,,,,
206,642 Nador Drive,,Bhusawal,,3924,0,0,0,,,,,,,,,,,,,,,,,,
207,1688 Nador Lane,,Gorontalo,,61613,40.742537,-89.627948,0.09,place,,,Peoria,IL,Peoria County,61613,US,TIGER/Line® dataset from the US Census Bureau,,,,,,,,,
208,1215 Pyongyang Parkway,,Usak,,25238,38.338107,-90.969862,0.17,place,,,Parkway,MO,Franklin County,63077,US,TIGER/Line® dataset from the US Census Bureau,,,,,,,,,
209,1679 Antofagasta Street,,Ciudad del Este,,86599,39.657355,-76.371332,0.23,place,,,Street,MD,Harford County,21154,US,TIGER/Line® dataset from the US Census Bureau,,,,,,,,,
210,1304 s-Hertogenbosch Way,,Blumenau,,10925,41.22259,-74.29432,0.22,place,,,Greenwood Lake,NY,Orange County,10925,US,TIGER/Line® dataset from the US Census Bureau,,,,,,,,,
211,850 Salala Loop,,Nuuk,,10800,32.91537,-102.41602,0.23,place,,,Loop,TX,Gaines County,79342,US,TIGER/Line® dataset from the US Census Bureau,,,,,,,,,
212,624 Oshawa Boulevard,,Balurghat,,89959,32.66367,-116.27363,0.23,place,,,Boulevard,CA,San Diego County,91905,US,TIGER/Line® dataset from the US Census Bureau,,,,,,,,,
213,43 Dadu Avenue,,Bhilwara,,4855,43.92731,-69.25282,0.22,place,,,Port Clyde,ME,Knox County,4855,US,TIGER/Line® dataset from the US Census Bureau,,,,,,,,,
214,751 Lima Loop,,Aden,,99405,38.655119,-77.53721,0.17,place,,,Aden,VA,Prince William County,22123,US,TIGER/Line® dataset from the US Census Bureau,,,,,,,,,
215,1333 Haldia Street,,Fuyu,,82161,39.657355,-76.371332,0.23,place,,,Street,MD,Harford County,21154,US,TIGER/Line® dataset from the US Census Bureau,,,,,,,,,
216,660 Jedda Boulevard,,Bellevue,,25053,38.08093,-81.83401,0.22,place,,,Danville,WV,Boone County,25053,US,TIGER/Line® dataset from the US Census Bureau,,,,,,,,,
217,1001 Miyakonojo Lane,,Taizz,,67924,0,0,0,,,,,,,,,,,,,,,,,,
218,226 Brest Manor,,Sunnyvale,,2299,37.371647,-122.023153,0.23,place,,,Sunnyvale,CA,Santa Clara County,94086,US,TIGER/Line® dataset from the US Census Bureau,,,,,,,,,
219,1229 Valencia Parkway,,Stara Zagora,,99124,47.99793,-118.95447,0.22,place,,,Elmer City,WA,Okanogan County,99124,US,TIGER/Line® dataset from the US Census Bureau,,,,,,,,,
220,1201 Qomsheh Manor,,Aparecida de Goinia,,21464,38.978445,-76.492183,0.06,place,,,Annapolis,MD,Anne Arundel County,21464,US,TIGER/Line® dataset from the US Census Bureau,,,,,,,,,
221,866 Shivapuri Manor,,Sambhal,,22474,37.865945,-81.267882,0.17,place,,,Maynor,WV,Raleigh County,25801,US,TIGER/Line® dataset from the US Census Bureau,,,,,,,,,
222,1168 Najafabad Parkway,,Kabul,,40301,38.338107,-90.969862,0.17,place,,,Parkway,MO,Franklin County,63077,US,TIGER/Line® dataset from the US Census Bureau,,,,,,,,,
223,1244 Allappuzha (Alleppey) Place,,Vicente Lpez,,20657,38.36193,-76.4372,0.22,place,,,Lusby,MD,Calvert County,20657,US,TIGER/Line® dataset from the US Census Bureau,,,,,,,,,
224,1842 Luzinia Boulevard,,Zanzibar,,94420,37.562992,-122.325525,0.16,place,,,San Mateo,CA,San Mateo County,94420,US,TIGER/Line® dataset from the US Census Bureau,,,,,,,,,
225,1926 Gingoog Street,,Syrakusa,,22824,38.818191,-78.637768,0.22,place,,,Edinburg,VA,Shenandoah County,22824,US,TIGER/Line® dataset from the US Census Bureau,,,,,,,,,
226,810 Palghat (Palakkad) Boulevard,,Jaroslavl,,73431,32.66367,-116.27363,0.23,place,,,Boulevard,CA,San Diego County,91905,US,TIGER/Line® dataset from the US Census Bureau,,,,,,,,,
227,1820 Maring Parkway,,Mandi Bahauddin,,88307,0,0,0,,,,,,,,,,,,,,,,,,
228,60 Poos de Caldas Street,,Jodhpur,,82338,0,0,0,,,,,,,,,,,,,,,,,,
229,1014 Loja Manor,,Ambattur,,66851,38.24446,-96.92808,0.22,place,,,Florence,KS,Marion County,66851,US,TIGER/Line® dataset from the US Census Bureau,,,,,,,,,
230,201 Effon-Alaiye Way,,Asuncin,,64344,39.641185,-81.183444,0.17,place,,,Way,OH,Monroe County,45734,US,TIGER/Line® dataset from the US Census Bureau,,,,,,,,,
231,430 Alessandria Loop,,Saarbrcken,,47446,38.73283,-86.4736,0.22,place,,,Mitchell,IN,Lawrence County,47446,US,TIGER/Line® dataset from the US Census Bureau,,,,,,,,,
232,754 Valencia Place,,Phnom Penh,,87911,40.710689,-79.937074,0.23,place,,,Valencia,PA,Butler County,16059,US,TIGER/Line® dataset from the US Census Bureau,,,,,,,,,
233,356 Olomouc Manor,,Anpolis,,93323,35.373292,-119.018713,0.16,place,,,Bakersfield,CA,Kern County,93323,US,TIGER/Line® dataset from the US Census Bureau,,,,,,,,,
234,1256 Bislig Boulevard,,Botosani,,50598,43.082501,-94.389877,0.22,place,,,Whittemore,IA,Kossuth County,50598,US,TIGER/Line® dataset from the US Census Bureau,,,,,,,,,
235,954 Kimchon Place,,Uttarpara-Kotrung,,42420,37.785068,-87.527383,0.22,place,,,Henderson,KY,Henderson County,42420,US,TIGER/Line® dataset from the US Census Bureau,,,,,,,,,
236,885 Yingkou Manor,,Zaria,,31390,37.865945,-81.267882,0.17,place,,,Maynor,WV,Raleigh County,25801,US,TIGER/Line® dataset from the US Census Bureau,,,,,,,,,
237,1736 Cavite Place,,Idfu,,98775,38.689283,-120.054929,0.17,place,,,Plasse,CA,Amador County,95646,US,TIGER/Line® dataset from the US Census Bureau,,,,,,,,,
238,346 Skikda Parkway,,Jalib al-Shuyukh,,90628,0,0,0,,,,,,,,,,,,,,,,,,
239,98 Stara Zagora Boulevard,,Buenaventura,,76448,32.667966,-116.301395,0.5,street_center,,Star Ave,Boulevard,CA,San Diego County,91905,US,TIGER/Line® dataset from the US Census Bureau,,,,,,,,,
240,1479 Rustenburg Boulevard,,Tanza,,18727,41.245915,-75.881308,0.16,place,,,Wilkes-Barre,PA,Luzerne County,18727,US,TIGER/Line® dataset from the US Census Bureau,,,,,,,,,
241,647 A Corua (La Corua) Street,,Naju,,36971,39.657355,-76.371332,0.23,place,,,Street,MD,Harford County,21154,US,TIGER/Line® dataset from the US Census Bureau,,,,,,,,,
242,1964 Gijn Manor,,Shimoga,,14408,37.865945,-81.267882,0.17,place,,,Maynor,WV,Raleigh County,25801,US,TIGER/Line® dataset from the US Census Bureau,,,,,,,,,
243,47 Syktyvkar Lane,,Ciomas,,22236,38.89039,-77.084145,0.06,place,,,Arlington,VA,Arlington County,22236,US,TIGER/Line® dataset from the US Census Bureau,,,,,,,,,
244,1148 Saarbrcken Parkway,,Iwaki,,1921,42.683256,-71.017403,0.22,place,,,Boxford,MA,Essex County,1921,US,TIGER/Line® dataset from the US Census Bureau,,,,,,,,,
245,1103 Bilbays Parkway,,Xiangfan,,87660,38.338107,-90.969862,0.17,place,,,Parkway,MO,Franklin County,63077,US,TIGER/Line® dataset from the US Census Bureau,,,,,,,,,
246,1246 Boksburg Parkway,,Qinhuangdao,,28349,35.015157,-77.896863,0.22,place,,,Kenansville,NC,Duplin County,28349,US,TIGER/Line® dataset from the US Census Bureau,,,,,,,,,
247,1483 Pathankot Street,,San Miguel de Tucumn,,37288,36.16589,-86.784443,0.06,place,,,Nashville,TN,Davidson County,37288,US,TIGER/Line® dataset from the US Census Bureau,,,,,,,,,
248,582 Papeete Loop,,Lapu-Lapu,,27722,36.051155,-78.857651,0.22,place,,,Durham,NC,Durham County,27722,US,TIGER/Line® dataset from the US Census Bureau,,,,,,,,,
249,300 Junan Street,,Uijongbu,,81314,39.657355,-76.371332,0.23,place,,,Street,MD,Harford County,21154,US,TIGER/Line® dataset from the US Census Bureau,,,,,,,,,
250,829 Grand Prairie Way,,Maring,,6461,41.265694,-73.087786,0.08,place,,,Milford,CT,,6461,US,TIGER/Line® dataset from the US Census Bureau,,,,,,,,,
251,1473 Changhwa Parkway,,Coacalco de Berriozbal,,75933,30.61298,-93.87407,0.07,place,,,Call,TX,Jasper County,75933,US,TIGER/Line® dataset from the US Census Bureau,,,,,,,,,
252,1309 Weifang Street,,Tallahassee,,57338,30.427753,-84.258472,0.23,place,,,Tallahassee,FL,Leon County,32301,US,TIGER/Line® dataset from the US Census Bureau,,,,,,,,,
253,1760 Oshawa Manor,,Tianjin,,38140,35.201738,-89.971538,0.22,place,,,Memphis,TN,Shelby County,38140,US,TIGER/Line® dataset from the US Census Bureau,,,,,,,,,
254,786 Stara Zagora Way,,Oyo,,98332,47.363745,-122.603703,0.22,place,,,Gig Harbor,WA,Pierce County,98332,US,TIGER/Line® dataset from the US Census Bureau,,,,,,,,,
255,1966 Tonghae Street,,Halle/Saale,,36481,31.808458,-87.316372,0.22,place,,,Vredenburgh,AL,Monroe County,36481,US,TIGER/Line® dataset from the US Census Bureau,,,,,,,,,
256,1497 Yuzhou Drive,,London,,3433,37.137615,-84.115617,0.23,place,,,London,KY,Laurel County,40745,US,TIGER/Line® dataset from the US Census Bureau,,,,,,,,,
258,752 Ondo Loop,,Miyakonojo,,32474,32.91537,-102.41602,0.23,place,,,Loop,TX,Gaines County,79342,US,TIGER/Line® dataset from the US Census Bureau,,,,,,,,,
259,1338 Zalantun Lane,,Poos de Caldas,,45403,39.764658,-84.150738,0.09,place,,,Dayton,OH,Montgomery County,45403,US,TIGER/Line® dataset from the US Census Bureau,,,,,,,,,
260,127 Iwakuni Boulevard,,Hagonoy,,20777,39.173059,-76.966718,0.22,place,,,Highland,MD,Howard County,20777,US,TIGER/Line® dataset from the US Census Bureau,,,,,,,,,
261,51 Laredo Avenue,,Monywa,,68146,41.25861,-95.937792,0.16,place,,,Omaha,NE,Douglas County,68146,US,TIGER/Line® dataset from the US Census Bureau,,,,,,,,,
262,771 Yaound Manor,,Beira,,86768,37.865945,-81.267882,0.17,place,,,Maynor,WV,Raleigh County,25801,US,TIGER/Line® dataset from the US Census Bureau,,,,,,,,,
263,532 Toulon Street,,Santiago de los Caballeros,,69517,0,0,0,,,,,,,,,,,,,,,,,,
264,1027 Banjul Place,,Halisahar,,50390,41.600545,-93.609106,0.16,place,,,Des Moines,IA,Polk County,50390,US,TIGER/Line® dataset from the US Census Bureau,,,,,,,,,
265,1158 Mandi Bahauddin Parkway,,Datong,,98484,47.252877,-122.444291,0.16,place,,,Tacoma,WA,Pierce County,98484,US,TIGER/Line® dataset from the US Census Bureau,,,,,,,,,
266,862 Xintai Lane,,Tuguegarao,,30065,33.912473,-84.557181,0.09,place,,,Marietta,GA,Cobb County,30065,US,TIGER/Line® dataset from the US Census Bureau,,,,,,,,,
267,816 Cayenne Parkway,,Portoviejo,,93629,37.231612,-119.235956,0.2,place,,,Huntington Lake,CA,Fresno County,93629,US,TIGER/Line® dataset from the US Census Bureau,,,,,,,,,
268,1831 Nam Dinh Loop,,Mandaluyong,,51990,32.91537,-102.41602,0.23,place,,,Loop,TX,Gaines County,79342,US,TIGER/Line® dataset from the US Census Bureau,,,,,,,,,
269,446 Kirovo-Tepetsk Lane,,Higashiosaka,,19428,40.082509,-75.304377,0.09,place,,,Conshohocken,PA,Montgomery County,19428,US,TIGER/Line® dataset from the US Census Bureau,,,,,,,,,
270,682 Halisahar Place,,Olomouc,,20536,38.901211,-77.016948,0.22,place,,,Washington,DC,District of Columbia,20536,US,TIGER/Line® dataset from the US Census Bureau,,,,,,,,,
271,1587 Loja Manor,,Salzburg,,5410,37.865945,-81.267882,0.17,place,,,Maynor,WV,Raleigh County,25801,US,TIGER/Line® dataset from the US Census Bureau,,,,,,,,,
272,1762 Paarl Parkway,,Lengshuijiang,,53928,43.426605,-89.149069,0.22,place,,,Doylestown,WI,Columbia County,53928,US,TIGER/Line® dataset from the US Census Bureau,,,,,,,,,
273,1519 Ilorin Place,,Palghat (Palakkad),,49298,38.689283,-120.054929,0.17,place,,,Plasse,CA,Amador County,95646,US,TIGER/Line® dataset from the US Census Bureau,,,,,,,,,
274,920 Kumbakonam Loop,,Salinas,,75090,33.604131,-96.550405,0.22,place,,,Sherman,TX,Grayson County,75090,US,TIGER/Line® dataset from the US Census Bureau,,,,,,,,,
275,906 Goinia Way,,Kalisz,,83565,39.641185,-81.183444,0.17,place,,,Way,OH,Monroe County,45734,US,TIGER/Line® dataset from the US Census Bureau,,,,,,,,,
276,1675 Xiangfan Manor,,Kumbakonam,,11763,40.82124,-72.98653,0.22,place,,,Medford,NY,Suffolk County,11763,US,TIGER/Line® dataset from the US Census Bureau,,,,,,,,,
277,85 San Felipe de Puerto Plata Drive,,Yantai,,46063,40.271524,-85.72808,0.09,place,,,Orestes,IN,Madison County,46063,US,TIGER/Line® dataset from the US Census Bureau,,,,,,,,,
278,144 South Hill Loop,,Salamanca,,2012,42.34841,-78.830904,0.5,street_center,,S Hill Rd,Cattaraugus,NY,Cattaraugus County,14719,US,TIGER/Line® dataset from the US Census Bureau,,,,,,,,,
279,1884 Shikarpur Avenue,,Karnal,,85548,32.797009,-109.752196,0.22,place,,,Safford,AZ,Graham County,85548,US,TIGER/Line® dataset from the US Census Bureau,,,,,,,,,
280,1980 Kamjanets-Podilskyi Street,,Peoria,,89502,39.491314,-119.743845,0.09,place,,,Reno,NV,Washoe County,89502,US,TIGER/Line® dataset from the US Census Bureau,,,,,,,,,
281,1944 Bamenda Way,,Warren,,24645,37.355944,-82.050962,0.18,place,,,Roseann,VA,Buchanan County,24645,US,TIGER/Line® dataset from the US Census Bureau,,,,,,,,,
282,556 Baybay Manor,,Ogbomosho,,55802,46.740951,-92.049345,0.22,place,,,Duluth,MN,St. Louis County,55802,US,TIGER/Line® dataset from the US Census Bureau,,,,,,,,,
283,457 Tongliao Loop,,Inegl,,56254,45.166074,-96.171159,0.2,place,,,Louisburg,MN,Lac qui Parle County,56254,US,TIGER/Line® dataset from the US Census Bureau,,,,,,,,,
284,600 Bradford Street,,Tabriz,,96204,39.657355,-76.371332,0.23,place,,,Street,MD,Harford County,21154,US,TIGER/Line® dataset from the US Census Bureau,,,,,,,,,
285,1006 Santa Brbara dOeste Manor,,Owo,,36229,37.865945,-81.267882,0.17,place,,,Maynor,WV,Raleigh County,25801,US,TIGER/Line® dataset from the US Census Bureau,,,,,,,,,
286,1308 Sumy Loop,,Fuzhou,,30657,32.91537,-102.41602,0.23,place,,,Loop,TX,Gaines County,79342,US,TIGER/Line® dataset from the US Census Bureau,,,,,,,,,
287,1405 Chisinau Place,,Ponce,,8160,39.925946,-75.11962,0.16,place,,,Camden,NJ,Camden County,8160,US,TIGER/Line® dataset from the US Census Bureau,,,,,,,,,
288,226 Halifax Street,,Korla,,58492,47.110075,-98.397443,0.22,place,,,Wimbledon,ND,Barnes County,58492,US,TIGER/Line® dataset from the US Census Bureau,,,,,,,,,
289,1279 Udine Parkway,,Benin City,,75860,31.627713,-96.21236,0.09,place,,,Teague,TX,Freestone County,75860,US,TIGER/Line® dataset from the US Census Bureau,,,,,,,,,
290,1336 Benin City Drive,,Otsu,,46044,40.213173,-85.786049,0.33,place,,,Frankton,IN,Madison County,46044,US,TIGER/Line® dataset from the US Census Bureau,,,,,,,,,
291,1155 Liaocheng Place,,Effon-Alaiye,,22650,38.763022,-78.387191,0.22,place,,,Rileyville,VA,Page County,22650,US,TIGER/Line® dataset from the US Census Bureau,,,,,,,,,
292,1993 Tabuk Lane,,Tambaram,,64221,0,0,0,,,,,,,,,,,,,,,,,,
293,86 Higashiosaka Lane,,Valle de Santiago,,33768,27.770861,-82.679266,0.06,place,,,Saint Petersburg,FL,Pinellas County,33768,US,TIGER/Line® dataset from the US Census Bureau,,,,,,,,,
294,1912 Allende Manor,,Kowloon and New Kowloon,,58124,46.934596,-97.229718,0.22,place,,,Fargo,ND,Cass County,58124,US,TIGER/Line® dataset from the US Census Bureau,,,,,,,,,
295,544 Tarsus Boulevard,,Valle de la Pascua,,53145,0,0,0,,,,,,,,,,,,,,,,,,
296,1936 Cuman Avenue,,Roanoke,,61195,37.274175,-79.95786,0.23,place,,,Roanoke,VA,Roanoke city,24001,US,TIGER/Line® dataset from the US Census Bureau,,,,,,,,,
297,1192 Tongliao Street,,Sharja,,19065,39.921061,-75.386136,0.22,place,,,Media,PA,Delaware County,19065,US,TIGER/Line® dataset from the US Census Bureau,,,,,,,,,
298,44 Najafabad Way,,Donostia-San Sebastin,,61391,18.3236,-66.972227,0.23,place,,,San Sebastian,PR,San Sebastin Municipio,685,US,TIGER/Line® dataset from the US Census Bureau,,,,,,,,,
299,32 Pudukkottai Lane,,Dayton,,38834,34.87589,-88.591575,0.09,place,,,Corinth,MS,Alcorn County,38834,US,TIGER/Line® dataset from the US Census Bureau,,,,,,,,,
300,661 Chisinau Lane,,Kolpino,,8856,0,0,0,,,,,,,,,,,,,,,,,,
301,951 Stara Zagora Manor,,Patiala,,98573,46.938986,-123.310708,0.18,place,,,Porter,WA,Grays Harbor County,98573,US,TIGER/Line® dataset from the US Census Bureau,,,,,,,,,
302,922 Vila Velha Loop,,Ahmadnagar,,4085,43.771934,-70.639561,0.22,place,,,Steep Falls,ME,Cumberland County,4085,US,TIGER/Line® dataset from the US Census Bureau,,,,,,,,,
303,898 Jining Lane,,Oulu,,40070,38.476096,-85.248914,0.09,place,,,Sulphur,KY,Henry County,40070,US,TIGER/Line® dataset from the US Census Bureau,,,,,,,,,
304,1635 Kuwana Boulevard,,Hiroshima,,52137,32.66367,-116.27363,0.23,place,,,Boulevard,CA,San Diego County,91905,US,TIGER/Line® dataset from the US Census Bureau,,,,,,,,,
305,41 El Alto Parkway,,Parbhani,,56883,38.348557,-90.983409,0.9,range_interpolation,41,Ella,Saint Clair,MO,Franklin County,63077,US,TIGER/Line® dataset from the US Census Bureau,,,,,,,,,
306,1883 Maikop Lane,,Kaliningrad,,68469,0,0,0,,,,,,,,,,,,,,,,,,
307,1908 Gaziantep Place,,Tiefa,,58979,38.689283,-120.054929,0.17,place,,,Plasse,CA,Amador County,95646,US,TIGER/Line® dataset from the US Census Bureau,,,,,,,,,
308,687 Alessandria Parkway,,Sanaa,,57587,38.338107,-90.969862,0.17,place,,,Parkway,MO,Franklin County,63077,US,TIGER/Line® dataset from the US Census Bureau,,,,,,,,,
309,827 Yuncheng Drive,,Callao,,79047,37.961716,-76.577422,0.23,place,,,Callao,VA,Northumberland County,22435,US,TIGER/Line® dataset from the US Census Bureau,,,,,,,,,
310,913 Coacalco de Berriozbal Loop,,Arlington,,42141,36.942763,-85.941203,0.09,place,,,Glasgow,KY,Barren County,42141,US,TIGER/Line® dataset from the US Census Bureau,,,,,,,,,
311,715 So Bernardo do Campo Lane,,Sungai Petani,,84804,44.239876,-68.354598,0.12,place,,,Bernard,ME,Hancock County,4612,US,TIGER/Line® dataset from the US Census Bureau,,,,,,,,,
312,1354 Siegen Street,,Angra dos Reis,,80184,39.71682,-123.35335,0.23,place,,,Dos Rios,CA,Mendocino County,95429,US,TIGER/Line® dataset from the US Census Bureau,,,,,,,,,
313,1191 Sungai Petani Boulevard,,Kansas City,,9668,0,0,0,,,,,,,,,,,,,,,,,,
314,1224 Huejutla de Reyes Boulevard,,Brescia,,70923,0,0,0,,,,,,,,,,,,,,,,,,
315,543 Bergamo Avenue,,Ibirit,,59686,38.300217,-76.743445,0.23,place,,,Avenue,MD,St. Mary's County,20609,US,TIGER/Line® dataset from the US Census Bureau,,,,,,,,,
316,746 Joliet Lane,,Kursk,,94878,44.394229,-70.972852,0.08,place,,,Gilead,ME,Oxford County,4217,US,TIGER/Line® dataset from the US Census Bureau,,,,,,,,,
317,780 Kimberley Way,,Tabuk,,17032,40.507107,-76.843844,0.22,place,,,Halifax,PA,Dauphin County,17032,US,TIGER/Line® dataset from the US Census Bureau,,,,,,,,,
318,1774 Yaound Place,,Ezhou,,91400,34.186672,-118.448971,0.2,place,,,Van Nuys,CA,Los Angeles County,91400,US,TIGER/Line® dataset from the US Census Bureau,,,,,,,,,
319,1957 Yantai Lane,,Sorocaba,,59255,48.115522,-105.189701,0.09,place,,,Poplar,MT,Roosevelt County,59255,US,TIGER/Line® dataset from the US Census Bureau,,,,,,,,,
320,1542 Lubumbashi Boulevard,,Bat Yam,,62472,32.66367,-116.27363,0.23,place,,,Boulevard,CA,San Diego County,91905,US,TIGER/Line® dataset from the US Census Bureau,,,,,,,,,
321,651 Pathankot Loop,,Miraj,,59811,32.91537,-102.41602,0.23,place,,,Loop,TX,Gaines County,79342,US,TIGER/Line® dataset from the US Census Bureau,,,,,,,,,
322,1359 Zhoushan Parkway,,Trshavn,,29763,38.338107,-90.969862,0.17,place,,,Parkway,MO,Franklin County,63077,US,TIGER/Line® dataset from the US Census Bureau,,,,,,,,,
323,1769 Iwaki Lane,,Bydgoszcz,,25787,38.41925,-82.445154,0.06,place,,,Huntington,WV,Cabell County,25787,US,TIGER/Line® dataset from the US Census Bureau,,,,,,,,,
324,1145 Vilnius Manor,,San Felipe del Progreso,,73170,35.325769,-97.55261,0.22,place,,,Oklahoma City,OK,Cleveland County,73170,US,TIGER/Line® dataset from the US Census Bureau,,,,,,,,,
325,1892 Nabereznyje Telny Lane,,Tafuna,,28396,34.903601,-79.404128,0.09,place,,,Wagram,NC,Scotland County,28396,US,TIGER/Line® dataset from the US Census Bureau,,,,,,,,,
326,470 Boksburg Street,,Birgunj,,97960,39.657355,-76.371332,0.23,place,,,Street,MD,Harford County,21154,US,TIGER/Line® dataset from the US Census Bureau,,,,,,,,,
327,1427 A Corua (La Corua) Place,,Baha Blanca,,85799,30.137027,-98.419985,0.23,place,,,Blanco,TX,Blanco County,78606,US,TIGER/Line® dataset from the US Census Bureau,,,,,,,,,
328,479 San Felipe del Progreso Avenue,,Cuautla,,54949,44.488057,-88.926954,0.22,place,,,Manawa,WI,Waupaca County,54949,US,TIGER/Line® dataset from the US Census Bureau,,,,,,,,,
329,867 Benin City Avenue,,Yuzhou,,78543,26.297428,-97.98837,0.22,place,,,Elsa,TX,Hidalgo County,78543,US,TIGER/Line® dataset from the US Census Bureau,,,,,,,,,
330,981 Kumbakonam Place,,Braslia,,87611,38.689283,-120.054929,0.17,place,,,Plasse,CA,Amador County,95646,US,TIGER/Line® dataset from the US Census Bureau,,,,,,,,,
331,1016 Iwakuni Street,,Kingstown,,49833,46.28883,-87.34181,0.22,place,,,Little Lake,MI,Marquette County,49833,US,TIGER/Line® dataset from the US Census Bureau,,,,,,,,,
332,663 Baha Blanca Parkway,,Adana,,33463,26.595537,-80.129065,0.22,place,,,Lake Worth,FL,Palm Beach County,33463,US,TIGER/Line® dataset from the US Census Bureau,,,,,,,,,
333,1860 Taguig Loop,,Ciparay,,59550,32.91537,-102.41602,0.23,place,,,Loop,TX,Gaines County,79342,US,TIGER/Line® dataset from the US Census Bureau,,,,,,,,,
334,1816 Bydgoszcz Loop,,Jamalpur,,64308,32.91537,-102.41602,0.23,place,,,Loop,TX,Gaines County,79342,US,TIGER/Line® dataset from the US Census Bureau,,,,,,,,,
335,587 Benguela Manor,,Aurora,,91590,39.739249,-104.862881,0.23,place,,,Aurora,CO,Arapahoe County,80010,US,TIGER/Line® dataset from the US Census Bureau,,,,,,,,,
336,430 Kumbakonam Drive,,Santa F,,28814,35.664752,-82.492664,0.22,place,,,Asheville,NC,Buncombe County,28814,US,TIGER/Line® dataset from the US Census Bureau,,,,,,,,,
337,1838 Tabriz Lane,,Dhaka,,1195,42.101483,-72.589811,0.06,place,,,Springfield,MA,Hampden County,1195,US,TIGER/Line® dataset from the US Census Bureau,,,,,,,,,
338,431 Szkesfehrvr Avenue,,Baku,,57828,38.300217,-76.743445,0.23,place,,,Avenue,MD,St. Mary's County,20609,US,TIGER/Line® dataset from the US Census Bureau,,,,,,,,,
339,503 Sogamoso Loop,,Sumqayit,,49812,45.601899,-87.519075,0.22,place,,,Carney,MI,Menominee County,49812,US,TIGER/Line® dataset from the US Census Bureau,,,,,,,,,
340,507 Smolensk Loop,,Sousse,,22971,37.759956,-78.810459,0.22,place,,,Shipman,VA,Nelson County,22971,US,TIGER/Line® dataset from the US Census Bureau,,,,,,,,,
341,1920 Weifang Avenue,,Rampur,,15643,38.300217,-76.743445,0.23,place,,,Avenue,MD,St. Mary's County,20609,US,TIGER/Line® dataset from the US Census Bureau,,,,,,,,,
342,124 al-Manama Way,,Onomichi,,52368,0,0,0,,,,,,,,,,,,,,,,,,
343,1443 Mardan Street,,Paarl,,31483,32.083541,-81.099834,0.16,place,,,Savannah,GA,Chatham County,31483,US,TIGER/Line® dataset from the US Census Bureau,,,,,,,,,
344,1909 Benguela Lane,,Xinxiang,,19913,0,0,0,,,,,,,,,,,,,,,,,,
345,68 Ponce Parkway,,Hanoi,,85926,33.79061,-109.98871,0.22,place,,,Fort Apache,AZ,Navajo County,85926,US,TIGER/Line® dataset from the US Census Bureau,,,,,,,,,
346,1217 Konotop Avenue,,Ede,,504,38.300217,-76.743445,0.33,place,,,Avenue,MD,St. Mary's County,20609,US,TIGER/Line® dataset from the US Census Bureau,,,,,,,,,
347,1293 Nam Dinh Way,,Boa Vista,,71583,33.19784,-117.248203,0.23,place,,,Vista,CA,San Diego County,92083,US,TIGER/Line® dataset from the US Census Bureau,,,,,,,,,
348,785 Vaduz Street,,Mexicali,,36170,32.366805,-86.299969,0.16,place,,,Montgomery,AL,Montgomery County,36170,US,TIGER/Line® dataset from the US Census Bureau,,,,,,,,,
349,1516 Escobar Drive,,Nukualofa,,46069,40.129468,-86.185273,0.22,place,,,Sheridan,IN,Hamilton County,46069,US,TIGER/Line® dataset from the US Census Bureau,,,,,,,,,
350,1628 Nagareyama Lane,,San Lorenzo,,60079,42.322814,-87.610053,0.09,place,,,Waukegan,IL,Lake County,60079,US,TIGER/Line® dataset from the US Census Bureau,,,,,,,,,
351,1157 Nyeri Loop,,Maikop,,56380,45.575519,-95.248085,0.2,place,,,Sedan,MN,Pope County,56380,US,TIGER/Line® dataset from the US Census Bureau,,,,,,,,,
352,1673 Tangail Drive,,Daugavpils,,26857,0,0,0,,,,,,,,,,,,,,,,,,
353,381 Kabul Way,,Hsichuh,,87272,39.641185,-81.183444,0.17,place,,,Way,OH,Monroe County,45734,US,TIGER/Line® dataset from the US Census Bureau,,,,,,,,,
354,953 Hodeida Street,,Imus,,18841,39.657355,-76.371332,0.23,place,,,Street,MD,Harford County,21154,US,TIGER/Line® dataset from the US Census Bureau,,,,,,,,,
355,469 Nakhon Sawan Street,,Teboksary,,58866,39.657355,-76.371332,0.23,place,,,Street,MD,Harford County,21154,US,TIGER/Line® dataset from the US Census Bureau,,,,,,,,,
356,1378 Beira Loop,,Zeleznogorsk,,40792,32.91537,-102.41602,0.23,place,,,Loop,TX,Gaines County,79342,US,TIGER/Line® dataset from the US Census Bureau,,,,,,,,,
357,1641 Changhwa Place,,Bamenda,,37636,38.689283,-120.054929,0.17,place,,,Plasse,CA,Amador County,95646,US,TIGER/Line® dataset from the US Census Bureau,,,,,,,,,
358,1698 Southport Loop,,Pachuca de Soto,,49009,42.303748,-85.697876,0.09,place,,,Kalamazoo,MI,Kalamazoo County,49009,US,TIGER/Line® dataset from the US Census Bureau,,,,,,,,,
359,519 Nyeri Manor,,Santo Andr,,37650,36.14511,-82.41681,0.22,place,,,Erwin,TN,Unicoi County,37650,US,TIGER/Line® dataset from the US Census Bureau,,,,,,,,,
360,619 Hunuco Avenue,,Matsue,,81508,39.063871,-108.550649,0.16,place,,,Grand Junction,CO,Mesa County,81508,US,TIGER/Line® dataset from the US Census Bureau,,,,,,,,,
361,45 Aparecida de Goinia Place,,Satna,,7431,0,0,0,,,,,,,,,,,,,,,,,,
362,482 Kowloon and New Kowloon Manor,,Bratislava,,97056,45.811578,-122.974184,0.22,place,,,Scappoose,OR,Columbia County,97056,US,TIGER/Line® dataset from the US Census Bureau,,,,,,,,,
363,604 Bern Place,,Ranchi,,5373,39.960927,-95.967077,0.23,place,,,Bern,KS,Nemaha County,66408,US,TIGER/Line® dataset from the US Census Bureau,,,,,,,,,
364,1623 Kingstown Drive,,Almirante Brown,,91299,34.088985,-96.480273,0.17,place,,,Brown,OK,Bryan County,74701,US,TIGER/Line® dataset from the US Census Bureau,,,,,,,,,
365,1009 Zanzibar Lane,,Arecibo,,64875,0,0,0,,,,,,,,,,,,,,,,,,
366,114 Jalib al-Shuyukh Manor,,Yaound,,60440,41.7006,-88.075006,0.09,place,,,Bolingbrook,IL,Will County,60440,US,TIGER/Line® dataset from the US Census Bureau,,,,,,,,,
367,1163 London Parkway,,Belm,,6066,41.8372,-72.454917,0.22,place,,,Vernon-Rockville,CT,Tolland County,6066,US,TIGER/Line® dataset from the US Census Bureau,,,,,,,,,
368,1658 Jastrzebie-Zdrj Loop,,Nyeri,,96584,32.91537,-102.41602,0.23,place,,,Loop,TX,Gaines County,79342,US,TIGER/Line® dataset from the US Census Bureau,,,,,,,,,
369,817 Laredo Avenue,,Guadalajara,,77449,29.837562,-95.733756,0.22,place,,,Katy,TX,Harris County,77449,US,TIGER/Line® dataset from the US Census Bureau,,,,,,,,,
370,1565 Tangail Manor,,Okinawa,,45750,39.413446,-81.351051,0.22,place,,,Marietta,OH,Washington County,45750,US,TIGER/Line® dataset from the US Census Bureau,,,,,,,,,
371,1912 Emeishan Drive,,Balikesir,,33050,24.71375,-81.09035,0.33,place,,,Marathon,FL,Monroe County,33050,US,TIGER/Line® dataset from the US Census Bureau,,,,,,,,,
372,230 Urawa Drive,,Adoni,,2738,41.736735,-70.754015,0.22,place,,,Marion,MA,Plymouth County,2738,US,TIGER/Line® dataset from the US Census Bureau,,,,,,,,,
373,1922 Miraj Way,,Najafabad,,13203,43.062016,-76.134145,0.22,place,,,Syracuse,NY,Onondaga County,13203,US,TIGER/Line® dataset from the US Census Bureau,,,,,,,,,
374,433 Florencia Street,,Jurez,,91330,34.247532,-118.526076,0.22,place,,,Northridge,CA,Los Angeles County,91330,US,TIGER/Line® dataset from the US Census Bureau,,,,,,,,,
375,1049 Matamoros Parkway,,Gulbarga,,69640,38.338107,-90.969862,0.17,place,,,Parkway,MO,Franklin County,63077,US,TIGER/Line® dataset from the US Census Bureau,,,,,,,,,
376,1061 Ede Avenue,,Cabuyao,,57810,38.300217,-76.743445,0.23,place,,,Avenue,MD,St. Mary's County,20609,US,TIGER/Line® dataset from the US Census Bureau,,,,,,,,,
377,154 Oshawa Manor,,Probolinggo,,72771,44.300244,-94.10524,0.17,place,,,Oshawa,MN,Nicollet County,56082,US,TIGER/Line® dataset from the US Census Bureau,,,,,,,,,
378,1191 Tandil Drive,,Tanauan,,6362,40.68863,-74.018244,0.23,place,,,New York,NY,New York County,10004,US,TIGER/Line® dataset from the US Census Bureau,,,,,,,,,
379,1133 Rizhao Avenue,,Vitria de Santo Anto,,2800,0,0,0,,,,,,,,,,,,,,,,,,
380,1519 Santiago de los Caballeros Loop,,Mwene-Ditu,,22025,38.592418,-77.346866,0.07,place,,,Dumfries,VA,Fauquier County,22025,US,TIGER/Line® dataset from the US Census Bureau,,,,,,,,,
381,1618 Olomouc Manor,,Kurgan,,26385,39.152121,-80.357602,0.22,place,,,Lost Creek,WV,Harrison County,26385,US,TIGER/Line® dataset from the US Census Bureau,,,,,,,,,
382,220 Hidalgo Drive,,Kermanshah,,45298,39.166759,-84.53822,0.22,place,,,Cincinnati,OH,Hamilton County,45298,US,TIGER/Line® dataset from the US Census Bureau,,,,,,,,,
383,686 Donostia-San Sebastin Lane,,Shenzhen,,97390,44.36178,-123.891668,0.09,place,,,Tidewater,OR,Lincoln County,97390,US,TIGER/Line® dataset from the US Census Bureau,,,,,,,,,
384,97 Mogiljov Lane,,Bhavnagar,,89294,0,0,0,,,,,,,,,,,,,,,,,,
385,1642 Charlotte Amalie Drive,,Tychy,,75442,33.218463,-96.379009,0.22,place,,,Farmersville,TX,Collin County,75442,US,TIGER/Line® dataset from the US Census Bureau,,,,,,,,,
386,1368 Maracabo Boulevard,,South Hill,,32716,28.744752,-81.22328,0.22,place,,,Altamonte Springs,FL,Seminole County,32716,US,TIGER/Line® dataset from the US Census Bureau,,,,,,,,,
387,401 Sucre Boulevard,,Manchester,,25007,37.83344,-81.43011,0.22,place,,,Arnett,WV,Raleigh County,25007,US,TIGER/Line® dataset from the US Census Bureau,,,,,,,,,
388,368 Hunuco Boulevard,,Namibe,,17165,40.2737,-76.884418,0.16,place,,,Harrisburg,PA,Dauphin County,17165,US,TIGER/Line® dataset from the US Census Bureau,,,,,,,,,
389,500 Lincoln Parkway,,Huaian,,95509,38.394252,-91.33959,0.5,street_center,,Lincoln,Gerald,MO,Franklin County,63037,US,TIGER/Line® dataset from the US Census Bureau,,,,,,,,,
390,102 Chapra Drive,,Tama,,14073,41.934093,-92.585494,0.23,place,,,Tama,IA,Tama County,52339,US,TIGER/Line® dataset from the US Census Bureau,,,,,,,,,
391,1793 Meixian Place,,Kamjanets-Podilskyi,,33535,38.689283,-120.054929,0.17,place,,,Plasse,CA,Amador County,95646,US,TIGER/Line® dataset from the US Census Bureau,,,,,,,,,
392,514 Ife Way,,Lubumbashi,,69973,39.641185,-81.183444,0.17,place,,,Way,OH,Monroe County,45734,US,TIGER/Line® dataset from the US Census Bureau,,,,,,,,,
393,717 Changzhou Lane,,Cavite,,21615,0,0,0,,,,,,,,,,,,,,,,,,
394,753 Ilorin Avenue,,Emeishan,,3656,38.300217,-76.743445,0.23,place,,,Avenue,MD,St. Mary's County,20609,US,TIGER/Line® dataset from the US Census Bureau,,,,,,,,,
395,1337 Mit Ghamr Avenue,,Nakhon Sawan,,29810,33.00793,-81.30844,0.22,place,,,Allendale,SC,Allendale County,29810,US,TIGER/Line® dataset from the US Census Bureau,,,,,,,,,
396,767 Pyongyang Drive,,Izumisano,,83536,46.223289,-116.034292,0.33,place,,,Kamiah,ID,Lewis County,83536,US,TIGER/Line® dataset from the US Census Bureau,,,,,,,,,
397,614 Pak Kret Street,,Addis Abeba,,27796,35.994033,-78.898619,0.16,place,,,Durham,NC,Durham County,27796,US,TIGER/Line® dataset from the US Census Bureau,,,,,,,,,
398,954 Lapu-Lapu Way,,Korolev,,8816,40.427697,-74.421695,0.22,place,,,East Brunswick,NJ,Middlesex County,8816,US,TIGER/Line® dataset from the US Census Bureau,,,,,,,,,
399,331 Bydgoszcz Parkway,,Gijn,,966,38.338107,-90.969862,0.27,place,,,Parkway,MO,Franklin County,63077,US,TIGER/Line® dataset from the US Census Bureau,,,,,,,,,
400,1152 Citrus Heights Manor,,al-Qadarif,,5239,0,0,0,,,,,,,,,,,,,,,,,,
401,168 Cianjur Manor,,Iwatsuki,,73824,37.865945,-81.267882,0.17,place,,,Maynor,WV,Raleigh County,25801,US,TIGER/Line® dataset from the US Census Bureau,,,,,,,,,
402,616 Hagonoy Avenue,,Atinsk,,46043,38.300217,-76.743445,0.23,place,,,Avenue,MD,St. Mary's County,20609,US,TIGER/Line® dataset from the US Census Bureau,,,,,,,,,
403,1190 0 Place,,Bag,,10417,38.689283,-120.054929,0.17,place,,,Plasse,CA,Amador County,95646,US,TIGER/Line® dataset from the US Census Bureau,,,,,,,,,
404,734 Bchar Place,,Okara,,30586,38.689283,-120.054929,0.17,place,,,Plasse,CA,Amador County,95646,US,TIGER/Line® dataset from the US Census Bureau,,,,,,,,,
405,530 Lausanne Lane,,Dallas,,11067,0,0,0,,,,,,,,,,,,,,,,,,
406,454 Patiala Lane,,Koriyama,,13496,0,0,0,,,,,,,,,,,,,,,,,,
407,1346 Mysore Drive,,Brest,,61507,35.835606,-96.303922,0.23,place,,,Bristow,OK,Creek County,74010,US,TIGER/Line® dataset from the US Census Bureau,,,,,,,,,
408,990 Etawah Loop,,Valparai,,79940,31.694842,-106.299987,0.22,place,,,El Paso,TX,El Paso County,79940,US,TIGER/Line® dataset from the US Census Bureau,,,,,,,,,
409,1266 Laredo Parkway,,Omiya,,7664,38.338107,-90.969862,0.17,place,,,Parkway,MO,Franklin County,63077,US,TIGER/Line® dataset from the US Census Bureau,,,,,,,,,
410,88 Nagaon Manor,,Tandil,,86868,37.865945,-81.267882,0.17,place,,,Maynor,WV,Raleigh County,25801,US,TIGER/Line® dataset from the US Census Bureau,,,,,,,,,
411,264 Bhimavaram Manor,,Charlotte Amalie,,54749,44.947538,-92.07521,0.22,place,,,Knapp,WI,Dunn County,54749,US,TIGER/Line® dataset from the US Census Bureau,,,,,,,,,
412,1639 Saarbrcken Drive,,Rustenburg,,9827,0,0,0,,,,,,,,,,,,,,,,,,
413,692 Amroha Drive,,Jaffna,,35575,34.049571,-87.552646,0.33,place,,,Lynn,AL,Winston County,35575,US,TIGER/Line® dataset from the US Census Bureau,,,,,,,,,
414,1936 Lapu-Lapu Parkway,,Deba Habe,,7122,40.735657,-74.172367,0.16,place,,,Newark,NJ,Essex County,7122,US,TIGER/Line® dataset from the US Census Bureau,,,,,,,,,
415,432 Garden Grove Street,,Richmond Hill,,65630,37.550761,-77.584674,0.5,street_center,,Garden Rd,Richmond,VA,Richmond city,23235,US,TIGER/Line® dataset from the US Census Bureau,,,,,,,,,
416,1445 Carmen Parkway,,Cianjur,,70809,30.424177,-91.087779,0.6,street_center,,Carmen Dr,Baton Rouge,LA,East Baton Rouge Parish,70809,US,TIGER/Line® dataset from the US Census Bureau,,,,,,,,,
417,791 Salinas Street,,Hoshiarpur,,40509,37.986629,-84.372883,0.22,place,,,Lexington,KY,Fayette County,40509,US,TIGER/Line® dataset from the US Census Bureau,,,,,,,,,
418,126 Acua Parkway,,Berhampore (Baharampur),,58888,38.338107,-90.969862,0.17,place,,,Parkway,MO,Franklin County,63077,US,TIGER/Line® dataset from the US Census Bureau,,,,,,,,,
419,397 Sunnyvale Avenue,,Allende,,55566,44.805487,-93.766524,0.22,place,,,Young America,MN,Carver County,55566,US,TIGER/Line® dataset from the US Census Bureau,,,,,,,,,
420,992 Klerksdorp Loop,,Amersfoort,,33711,27.733448,-82.690035,0.22,place,,,Saint Petersburg,FL,Pinellas County,33711,US,TIGER/Line® dataset from the US Census Bureau,,,,,,,,,
421,966 Arecibo Loop,,Dadu,,94018,37.510085,-122.473404,0.22,place,,,El Granada,CA,San Mateo County,94018,US,TIGER/Line® dataset from the US Census Bureau,,,,,,,,,
422,289 Santo Andr Manor,,al-Qatif,,72410,35.952057,-91.030074,0.09,place,,,Alicia,AR,Lawrence County,72410,US,TIGER/Line® dataset from the US Census Bureau,,,,,,,,,
423,437 Chungho Drive,,San Felipe de Puerto Plata,,59489,47.55776,-109.3749,0.09,place,,,Winifred,MT,Fergus County,59489,US,TIGER/Line® dataset from the US Census Bureau,,,,,,,,,
424,1948 Bayugan Parkway,,Katihar,,60622,41.902172,-87.683337,0.22,place,,,Chicago,IL,Cook County,60622,US,TIGER/Line® dataset from the US Census Bureau,,,,,,,,,
425,1866 al-Qatif Avenue,,El Monte,,89420,38.50631,-118.18151,0.09,place,,,Luning,NV,Mineral County,89420,US,TIGER/Line® dataset from the US Census Bureau,,,,,,,,,
426,1661 Abha Drive,,Pudukkottai,,14400,0,0,0,,,,,,,,,,,,,,,,,,
427,1557 Cape Coral Parkway,,Laohekou,,46875,41.130604,-85.12886,0.16,place,,,Fort Wayne,IN,Allen County,46875,US,TIGER/Line® dataset from the US Census Bureau,,,,,,,,,
428,1727 Matamoros Place,,Sawhaj,,78813,41.370358,-74.736057,0.23,place,,,Matamoras,PA,Pike County,18336,US,TIGER/Line® dataset from the US Census Bureau,,,,,,,,,
429,1269 Botosani Manor,,Shanwei,,47394,40.159854,-84.984682,0.22,place,,,Winchester,IN,Randolph County,47394,US,TIGER/Line® dataset from the US Census Bureau,,,,,,,,,
430,355 Vitria de Santo Anto Way,,San Juan Bautista Tuxtepec,,81758,0,0,0,,,,,,,,,,,,,,,,,,
431,1596 Acua Parkway,,Purnea (Purnia),,70425,38.338107,-90.969862,0.17,place,,,Parkway,MO,Franklin County,63077,US,TIGER/Line® dataset from the US Census Bureau,,,,,,,,,
432,259 Ipoh Drive,,Guaruj,,64964,0,0,0,,,,,,,,,,,,,,,,,,
433,1823 Hoshiarpur Lane,,Syktyvkar,,33191,25.774266,-80.193659,0.06,place,,,Miami,FL,Miami-Dade County,33191,US,TIGER/Line® dataset from the US Census Bureau,,,,,,,,,
434,1404 Taguig Drive,,Tsuyama,,87212,0,0,0,,,,,,,,,,,,,,,,,,
435,740 Udaipur Lane,,Dzerzinsk,,33505,27.496428,-82.530374,0.07,place,,,Braden Castle,FL,Manatee County,33505,US,TIGER/Line® dataset from the US Census Bureau,,,,,,,,,
436,287 Cuautla Boulevard,,Sucre,,72736,36.381245,-94.471388,0.22,place,,,Gravette,AR,Benton County,72736,US,TIGER/Line® dataset from the US Census Bureau,,,,,,,,,
437,1766 Almirante Brown Street,,Newcastle,,63104,38.611401,-90.214461,0.22,place,,,Saint Louis,MO,St. Louis city,63104,US,TIGER/Line® dataset from the US Census Bureau,,,,,,,,,
438,596 Huixquilucan Place,,Naala-Porto,,65892,38.689283,-120.054929,0.17,place,,,Plasse,CA,Amador County,95646,US,TIGER/Line® dataset from the US Census Bureau,,,,,,,,,
439,1351 Aparecida de Goinia Parkway,,Ozamis,,41775,37.099564,-83.346784,0.09,place,,,Wendover,KY,Leslie County,41775,US,TIGER/Line® dataset from the US Census Bureau,,,,,,,,,
440,722 Bradford Lane,,Junan,,90920,45.058864,-68.95432,0.23,place,,,Bradford,ME,Penobscot County,4410,US,TIGER/Line® dataset from the US Census Bureau,,,,,,,,,
441,983 Santa F Way,,Vancouver,,47472,45.624087,-122.615564,0.4,street_center,,N Santa Fe Dr,Vancouver,WA,Clark County,98661,US,TIGER/Line® dataset from the US Census Bureau,,,,,,,,,
442,1245 Ibirit Way,,La Romana,,40926,0,0,0,,,,,,,,,,,,,,,,,,
443,1836 Korla Parkway,,Kitwe,,55405,44.971871,-93.302471,0.22,place,,,Minneapolis,MN,Hennepin County,55405,US,TIGER/Line® dataset from the US Census Bureau,,,,,,,,,
444,231 Kaliningrad Place,,Bergamo,,57833,38.689283,-120.054929,0.17,place,,,Plasse,CA,Amador County,95646,US,TIGER/Line® dataset from the US Census Bureau,,,,,,,,,
445,495 Bhimavaram Lane,,Dhule (Dhulia),,3,0,0,0,,,,,,,,,,,,,,,,,,
446,1924 Shimonoseki Drive,,Batna,,52625,40.631583,-91.56008,0.33,place,,,Donnellson,IA,Lee County,52625,US,TIGER/Line® dataset from the US Census Bureau,,,,,,,,,
447,105 Dzerzinsk Manor,,Tongliao,,48570,37.865945,-81.267882,0.17,place,,,Maynor,WV,Raleigh County,25801,US,TIGER/Line® dataset from the US Census Bureau,,,,,,,,,
448,614 Denizli Parkway,,So Leopoldo,,29444,38.127658,-86.570969,0.23,place,,,Leopold,IN,Perry County,47551,US,TIGER/Line® dataset from the US Census Bureau,,,,,,,,,
449,1289 Belm Boulevard,,Tartu,,88306,32.66367,-116.27363,0.23,place,,,Boulevard,CA,San Diego County,91905,US,TIGER/Line® dataset from the US Census Bureau,,,,,,,,,
450,203 Tambaram Street,,Escobar,,73942,36.729713,-101.426147,0.22,place,,,Guymon,OK,Texas County,73942,US,TIGER/Line® dataset from the US Census Bureau,,,,,,,,,
451,1704 Tambaram Manor,,Uluberia,,2834,37.865945,-81.267882,0.17,place,,,Maynor,WV,Raleigh County,25801,US,TIGER/Line® dataset from the US Census Bureau,,,,,,,,,
452,207 Cuernavaca Loop,,Nabereznyje Telny,,52671,32.91537,-102.41602,0.23,place,,,Loop,TX,Gaines County,79342,US,TIGER/Line® dataset from the US Census Bureau,,,,,,,,,
453,319 Springs Loop,,Erlangen,,99552,60.91222,-161.21389,0.22,place,,,Akiak,AK,Bethel Census Area,99552,US,TIGER/Line® dataset from the US Census Bureau,,,,,,,,,
454,956 Nam Dinh Manor,,Sirjan,,21872,38.412085,-75.281074,0.22,place,,,Whaleyville,MD,Worcester County,21872,US,TIGER/Line® dataset from the US Census Bureau,,,,,,,,,
455,1947 Paarl Way,,Surakarta,,23636,39.641185,-81.183444,0.17,place,,,Way,OH,Monroe County,45734,US,TIGER/Line® dataset from the US Census Bureau,,,,,,,,,
456,814 Simferopol Loop,,El Fuerte,,48745,44.578092,-83.591419,0.22,place,,,Mikado,MI,Alcona County,48745,US,TIGER/Line® dataset from the US Census Bureau,,,,,,,,,
457,535 Ahmadnagar Manor,,Abu Dhabi,,41136,37.865945,-81.267882,0.17,place,,,Maynor,WV,Raleigh County,25801,US,TIGER/Line® dataset from the US Census Bureau,,,,,,,,,
458,138 Caracas Boulevard,,Maracabo,,16790,32.66367,-116.27363,0.23,place,,,Boulevard,CA,San Diego County,91905,US,TIGER/Line® dataset from the US Census Bureau,,,,,,,,,
459,251 Florencia Drive,,Uruapan,,16119,0,0,0,,,,,,,,,,,,,,,,,,
460,659 Gatineau Boulevard,,El Alto,,28587,35.191279,-76.660435,0.22,place,,,Vandemere,NC,Pamlico County,28587,US,TIGER/Line® dataset from the US Census Bureau,,,,,,,,,
461,1889 Valparai Way,,Ziguinchor,,75559,33.506028,-94.589575,0.22,place,,,De Kalb,TX,Bowie County,75559,US,TIGER/Line® dataset from the US Census Bureau,,,,,,,,,
462,1485 Bratislava Place,,Rockford,,83183,37.995867,-103.708332,0.23,place,,,Rocky Ford,CO,Otero County,81067,US,TIGER/Line® dataset from the US Census Bureau,,,,,,,,,
463,935 Aden Boulevard,,Tegal,,64709,29.776691,-98.46263,0.12,place,,,Bulverde,TX,Comal County,78163,US,TIGER/Line® dataset from the US Census Bureau,,,,,,,,,
464,76 Kermanshah Manor,,Qomsheh,,23343,37.865945,-81.267882,0.17,place,,,Maynor,WV,Raleigh County,25801,US,TIGER/Line® dataset from the US Census Bureau,,,,,,,,,
465,734 Tanshui Avenue,,Florencia,,70664,30.264232,-93.326527,0.22,place,,,Sulphur,LA,Calcasieu Parish,70664,US,TIGER/Line® dataset from the US Census Bureau,,,,,,,,,
466,118 Jaffna Loop,,Gingoog,,10447,32.91537,-102.41602,0.23,place,,,Loop,TX,Gaines County,79342,US,TIGER/Line® dataset from the US Census Bureau,,,,,,,,,
467,1621 Tongliao Avenue,,Usolje-Sibirskoje,,22173,38.300217,-76.743445,0.23,place,,,Avenue,MD,St. Mary's County,20609,US,TIGER/Line® dataset from the US Census Bureau,,,,,,,,,
468,1844 Usak Avenue,,Halifax,,84461,41.223,-111.97383,0.16,place,,,Ogden,UT,Weber County,84461,US,TIGER/Line® dataset from the US Census Bureau,,,,,,,,,
469,1872 Toulon Loop,,Rancagua,,7939,40.667382,-74.553908,0.22,place,,,Lyons,NJ,Somerset County,7939,US,TIGER/Line® dataset from the US Census Bureau,,,,,,,,,
470,1088 Ibirit Place,,Zapopan,,88502,38.689283,-120.054929,0.17,place,,,Plasse,CA,Amador County,95646,US,TIGER/Line® dataset from the US Census Bureau,,,,,,,,,
471,1322 Mosul Parkway,,Dongying,,95400,38.338107,-90.969862,0.17,place,,,Parkway,MO,Franklin County,63077,US,TIGER/Line® dataset from the US Census Bureau,,,,,,,,,
472,1447 Chatsworth Place,,Cuauhtmoc,,41545,37.653709,-82.584042,0.2,place,,,McCombs,KY,Pike County,41545,US,TIGER/Line® dataset from the US Census Bureau,,,,,,,,,
473,1257 Guadalajara Street,,Bijapur,,33599,28.266119,-82.136472,0.18,place,,,Lumberton,FL,Pasco County,33599,US,TIGER/Line® dataset from the US Census Bureau,,,,,,,,,
474,1469 Plock Lane,,Ourense (Orense),,95835,38.667783,-121.526051,0.09,place,,,Sacramento,CA,Sacramento County,95835,US,TIGER/Line® dataset from the US Census Bureau,,,,,,,,,
475,434 Ourense (Orense) Manor,,Hodeida,,14122,37.865945,-81.267882,0.17,place,,,Maynor,WV,Raleigh County,25801,US,TIGER/Line® dataset from the US Census Bureau,,,,,,,,,
476,270 Tambaram Parkway,,Johannesburg,,9668,38.338107,-90.969862,0.17,place,,,Parkway,MO,Franklin County,63077,US,TIGER/Line® dataset from the US Census Bureau,,,,,,,,,
477,1786 Salinas Place,,Nam Dinh,,66546,38.905693,-95.729868,0.22,place,,,Wakarusa,KS,Shawnee County,66546,US,TIGER/Line® dataset from the US Census Bureau,,,,,,,,,
478,1078 Stara Zagora Drive,,Lhokseumawe,,69221,42.63861,-100.23818,0.22,place,,,Wood Lake,NE,Cherry County,69221,US,TIGER/Line® dataset from the US Census Bureau,,,,,,,,,
479,1854 Okara Boulevard,,Emmen,,42123,36.815869,-85.992039,0.22,place,,,Austin,KY,Barren County,42123,US,TIGER/Line® dataset from the US Census Bureau,,,,,,,,,
480,421 Yaound Street,,ostka,,11363,40.771467,-73.745323,0.22,place,,,Little Neck,NY,Queens County,11363,US,TIGER/Line® dataset from the US Census Bureau,,,,,,,,,
481,1153 Allende Way,,Gatineau,,20336,38.860415,-77.022545,0.22,place,,,Washington,DC,District of Columbia,20336,US,TIGER/Line® dataset from the US Census Bureau,,,,,,,,,
482,808 Naala-Porto Parkway,,Stockport,,41060,39.548994,-81.826194,0.23,place,,,Stockport,OH,Morgan County,43787,US,TIGER/Line® dataset from the US Census Bureau,,,,,,,,,
483,632 Usolje-Sibirskoje Parkway,,Ashqelon,,73085,35.489527,-97.750009,0.22,place,,,Yukon,OK,Canadian County,73085,US,TIGER/Line® dataset from the US Census Bureau,,,,,,,,,
484,98 Pyongyang Boulevard,,Akron,,88749,41.04349,-81.524017,0.23,place,,,Akron,OH,Summit County,44301,US,TIGER/Line® dataset from the US Census Bureau,,,,,,,,,
485,984 Novoterkassk Loop,,Gaziantep,,28165,32.91537,-102.41602,0.23,place,,,Loop,TX,Gaines County,79342,US,TIGER/Line® dataset from the US Census Bureau,,,,,,,,,
486,64 Korla Street,,Mwanza,,25145,39.657355,-76.371332,0.23,place,,,Street,MD,Harford County,21154,US,TIGER/Line® dataset from the US Census Bureau,,,,,,,,,
487,1785 So Bernardo do Campo Street,,Coatzacoalcos,,71182,39.657355,-76.371332,0.23,place,,,Street,MD,Harford County,21154,US,TIGER/Line® dataset from the US Census Bureau,,,,,,,,,
488,698 Jelets Boulevard,,Denizli,,2596,32.66367,-116.27363,0.23,place,,,Boulevard,CA,San Diego County,91905,US,TIGER/Line® dataset from the US Census Bureau,,,,,,,,,
489,1297 Alvorada Parkway,,Yinchuan,,11839,40.768433,-73.525125,0.16,place,,,Hicksville,NY,Nassau County,11839,US,TIGER/Line® dataset from the US Census Bureau,,,,,,,,,
490,1909 Dayton Avenue,,Shaoguan,,88513,31.694842,-106.299987,0.22,place,,,El Paso,TX,El Paso County,88513,US,TIGER/Line® dataset from the US Census Bureau,,,,,,,,,
491,1789 Saint-Denis Parkway,,Acua,,8268,0,0,0,,,,,,,,,,,,,,,,,,
492,185 Mannheim Lane,,Pjatigorsk,,23661,37.009301,-76.386177,0.09,place,,,Hampton,VA,Hampton city,23661,US,TIGER/Line® dataset from the US Census Bureau,,,,,,,,,
493,184 Mandaluyong Street,,La Paz,,94239,38.377411,-121.444429,0.09,place,,,Sacramento,CA,Sacramento County,94239,US,TIGER/Line® dataset from the US Census Bureau,,,,,,,,,
494,591 Sungai Petani Drive,,Okayama,,46400,0,0,0,,,,,,,,,,,,,,,,,,
495,656 Matamoros Drive,,Sogamoso,,19489,39.983153,-75.748055,0.22,place,,,Norristown,PA,Montgomery County,19489,US,TIGER/Line® dataset from the US Census Bureau,,,,,,,,,
496,775 ostka Drive,,Mit Ghamr,,22358,38.804836,-77.046921,0.23,place,,,Alexandria,VA,Alexandria city,22358,US,TIGER/Line® dataset from the US Census Bureau,,,,,,,,,
497,1013 Tabuk Boulevard,,Kanchrapara,,96203,32.66367,-116.27363,0.23,place,,,Boulevard,CA,San Diego County,91905,US,TIGER/Line® dataset from the US Census Bureau,,,,,,,,,
498,319 Plock Parkway,,Sultanbeyli,,26101,39.286315,-81.55477,0.22,place,,,Parkersburg,WV,Wood County,26101,US,TIGER/Line® dataset from the US Census Bureau,,,,,,,,,
499,1954 Kowloon and New Kowloon Way,,Robamba,,63667,39.641185,-81.183444,0.17,place,,,Way,OH,Monroe County,45734,US,TIGER/Line® dataset from the US Census Bureau,,,,,,,,,
500,362 Rajkot Lane,,Baiyin,,98030,47.366428,-122.195982,0.08,place,,,Kent,WA,King County,98030,US,TIGER/Line® dataset from the US Census Bureau,,,,,,,,,
501,1060 Tandil Lane,,Rizhao,,72349,0,0,0,,,,,,,,,,,,,,,,,,
502,1515 Korla Way,,York,,57197,43.524568,-96.738629,0.22,place,,,Sioux Falls,SD,Minnehaha County,57197,US,TIGER/Line® dataset from the US Census Bureau,,,,,,,,,
503,1416 San Juan Bautista Tuxtepec Avenue,,Salala,,50592,42.726167,-95.185325,0.22,place,,,Truesdale,IA,Buena Vista County,50592,US,TIGER/Line® dataset from the US Census Bureau,,,,,,,,,
504,1 Valle de Santiago Avenue,,Brindisi,,86208,0,0,0,,,,,,,,,,,,,,,,,,
505,519 Brescia Parkway,,Madiun,,69504,38.338107,-90.969862,0.17,place,,,Parkway,MO,Franklin County,63077,US,TIGER/Line® dataset from the US Census Bureau,,,,,,,,,
506,414 Mandaluyong Street,,Lublin,,16370,41.56867,-79.4081,0.22,place,,,West Hickory,PA,Forest County,16370,US,TIGER/Line® dataset from the US Census Bureau,,,,,,,,,
507,1197 Sokoto Boulevard,,Siliguri (Shiliguri),,87687,32.66367,-116.27363,0.23,place,,,Boulevard,CA,San Diego County,91905,US,TIGER/Line® dataset from the US Census Bureau,,,,,,,,,
508,496 Celaya Drive,,Ueda,,90797,0,0,0,,,,,,,,,,,,,,,,,,
509,786 Matsue Way,,Joliet,,37469,35.04563,-85.30968,0.16,place,,,Chattanooga,TN,Hamilton County,37469,US,TIGER/Line® dataset from the US Census Bureau,,,,,,,,,
510,48 Maracabo Place,,Talavera,,1570,42.04465,-71.87485,0.22,place,,,Webster,MA,Worcester County,1570,US,TIGER/Line® dataset from the US Census Bureau,,,,,,,,,
511,1152 al-Qatif Lane,,Pontianak,,44816,41.330202,-82.352522,0.09,place,,,Birmingham,OH,Erie County,44816,US,TIGER/Line® dataset from the US Census Bureau,,,,,,,,,
512,1269 Ipoh Avenue,,Eskisehir,,54674,38.300217,-76.743445,0.23,place,,,Avenue,MD,St. Mary's County,20609,US,TIGER/Line® dataset from the US Census Bureau,,,,,,,,,
513,758 Korolev Parkway,,Vijayawada,,75474,32.934537,-96.121946,0.22,place,,,Quinlan,TX,Hunt County,75474,US,TIGER/Line® dataset from the US Census Bureau,,,,,,,,,
514,1747 Rustenburg Place,,Chapra,,51369,37.620321,-92.139884,0.17,place,,,Palace,MO,Pulaski County,65552,US,TIGER/Line® dataset from the US Census Bureau,,,,,,,,,
515,886 Tonghae Place,,Kamyin,,19450,40.211896,-75.35586,0.22,place,,,Lederach,PA,Montgomery County,19450,US,TIGER/Line® dataset from the US Census Bureau,,,,,,,,,
516,1574 Goinia Boulevard,,Suihua,,39529,30.403156,-89.49821,0.22,place,,,Stennis Space Center,MS,Hancock County,39529,US,TIGER/Line® dataset from the US Census Bureau,,,,,,,,,
517,548 Uruapan Street,,London,,35653,34.444903,-87.854726,0.22,place,,,Russellville,AL,Franklin County,35653,US,TIGER/Line® dataset from the US Census Bureau,,,,,,,,,
519,962 Tama Loop,,Yangor,,65952,32.91537,-102.41602,0.23,place,,,Loop,TX,Gaines County,79342,US,TIGER/Line® dataset from the US Census Bureau,,,,,,,,,
520,1778 Gijn Manor,,Zaoyang,,35156,37.839306,-76.982747,0.17,place,,,Minor,VA,Essex County,22560,US,TIGER/Line® dataset from the US Census Bureau,,,,,,,,,
521,568 Dhule (Dhulia) Loop,,Coquimbo,,92568,33.953349,-117.396156,0.16,place,,,Riverside,CA,Riverside County,92568,US,TIGER/Line® dataset from the US Census Bureau,,,,,,,,,
522,1768 Udine Loop,,Battambang,,32347,30.17247,-83.609333,0.09,place,,,Perry,FL,Taylor County,32347,US,TIGER/Line® dataset from the US Census Bureau,,,,,,,,,
523,608 Birgunj Parkway,,Chungho,,400,38.338107,-90.969862,0.27,place,,,Parkway,MO,Franklin County,63077,US,TIGER/Line® dataset from the US Census Bureau,,,,,,,,,
524,680 A Corua (La Corua) Manor,,Sivas,,49806,46.444586,-86.911506,0.22,place,,,Au Train,MI,Alger County,49806,US,TIGER/Line® dataset from the US Census Bureau,,,,,,,,,
525,1949 Sanya Street,,Isesaki,,61244,41.50087,-90.4443,0.22,place,,,East Moline,IL,Rock Island County,61244,US,TIGER/Line® dataset from the US Census Bureau,,,,,,,,,
526,617 Klerksdorp Place,,Nha Trang,,94707,37.892675,-122.27608,0.22,place,,,Berkeley,CA,Alameda County,94707,US,TIGER/Line® dataset from the US Census Bureau,,,,,,,,,
527,1993 0 Loop,,Yingkou,,41214,37.793736,-82.626345,0.22,place,,,Debord,KY,Martin County,41214,US,TIGER/Line® dataset from the US Census Bureau,,,,,,,,,
528,1176 Southend-on-Sea Manor,,Santa Rosa,,81651,38.450412,-122.783159,0.23,place,,,Santa Rosa,CA,Sonoma County,95401,US,TIGER/Line® dataset from the US Census Bureau,,,,,,,,,
529,600 Purnea (Purnia) Avenue,,Vinh,,18043,40.792804,-75.137186,0.22,place,,,Easton,PA,Northampton County,18043,US,TIGER/Line® dataset from the US Census Bureau,,,,,,,,,
530,1003 Qinhuangdao Street,,Purwakarta,,25972,38.04456,-80.72287,0.22,place,,,Leslie,WV,Greenbrier County,25972,US,TIGER/Line® dataset from the US Census Bureau,,,,,,,,,
531,1986 Sivas Place,,Udine,,95775,0,0,0,,,,,,,,,,,,,,,,,,
532,1427 Tabuk Place,,Cape Coral,,31342,26.606491,-81.95016,0.23,place,,,Cape Coral,FL,Lee County,33904,US,TIGER/Line® dataset from the US Census Bureau,,,,,,,,,
533,556 Asuncin Way,,Mogiljov,,35364,39.641185,-81.183444,0.17,place,,,Way,OH,Monroe County,45734,US,TIGER/Line® dataset from the US Census Bureau,,,,,,,,,
534,486 Ondo Parkway,,Benguela,,35202,33.544622,-86.929208,0.22,place,,,Birmingham,AL,Jefferson County,35202,US,TIGER/Line® dataset from the US Census Bureau,,,,,,,,,
535,635 Brest Manor,,Bhimavaram,,40899,37.839306,-76.982747,0.17,place,,,Minor,VA,Essex County,22560,US,TIGER/Line® dataset from the US Census Bureau,,,,,,,,,
536,166 Jinchang Street,,Ezeiza,,86760,39.657355,-76.371332,0.23,place,,,Street,MD,Harford County,21154,US,TIGER/Line® dataset from the US Census Bureau,,,,,,,,,
537,958 Sagamihara Lane,,Kuwana,,88408,0,0,0,,,,,,,,,,,,,,,,,,
538,1817 Livorno Way,,Cam Ranh,,79401,33.588771,-101.850445,0.22,place,,,Lubbock,TX,Lubbock County,79401,US,TIGER/Line® dataset from the US Census Bureau,,,,,,,,,
539,1332 Gaziantep Lane,,Binzhou,,22813,0,0,0,,,,,,,,,,,,,,,,,,
540,949 Allende Lane,,Amroha,,67521,38.64029,-99.74623,0.09,place,,,Brownell,KS,Ness County,67521,US,TIGER/Line® dataset from the US Census Bureau,,,,,,,,,
541,195 Ilorin Street,,NDjamna,,49250,41.98421,-84.6619,0.22,place,,,Jonesville,MI,Hillsdale County,49250,US,TIGER/Line® dataset from the US Census Bureau,,,,,,,,,
542,193 Bhusawal Place,,Tonghae,,9750,37.620321,-92.139884,0.17,place,,,Palace,MO,Pulaski County,65552,US,TIGER/Line® dataset from the US Census Bureau,,,,,,,,,
543,43 Vilnius Manor,,Aurora,,79814,39.739249,-104.862881,0.23,place,,,Aurora,CO,Arapahoe County,80010,US,TIGER/Line® dataset from the US Census Bureau,,,,,,,,,
544,183 Haiphong Street,,Baicheng,,69953,39.657355,-76.371332,0.23,place,,,Street,MD,Harford County,21154,US,TIGER/Line® dataset from the US Census Bureau,,,,,,,,,
545,163 Augusta-Richmond County Loop,,Valencia,,33030,26.093206,-80.373652,0.5,street_center,,Augusta,Fort Lauderdale,FL,Broward County,33326,US,TIGER/Line® dataset from the US Census Bureau,,,,,,,,,
546,191 Jos Azueta Parkway,,Ruse,,13629,38.338107,-90.969862,0.17,place,,,Parkway,MO,Franklin County,63077,US,TIGER/Line® dataset from the US Census Bureau,,,,,,,,,
547,379 Lublin Parkway,,Livorno,,74568,38.338107,-90.969862,0.17,place,,,Parkway,MO,Franklin County,63077,US,TIGER/Line® dataset from the US Census Bureau,,,,,,,,,
548,1658 Cuman Loop,,Pangkal Pinang,,51309,32.91537,-102.41602,0.23,place,,,Loop,TX,Gaines County,79342,US,TIGER/Line® dataset from the US Census Bureau,,,,,,,,,
549,454 Qinhuangdao Drive,,Beni-Mellal,,25866,38.041293,-81.064784,0.33,place,,,Lochgelly,WV,Fayette County,25866,US,TIGER/Line® dataset from the US Census Bureau,,,,,,,,,
550,1715 Okayama Street,,So Bernardo do Campo,,55676,36.41423,-91.73487,0.23,place,,,Camp,AR,Fulton County,72520,US,TIGER/Line® dataset from the US Census Bureau,,,,,,,,,
551,182 Nukualofa Drive,,Konotop,,15414,0,0,0,,,,,,,,,,,,,,,,,,
552,390 Wroclaw Way,,Sanya,,5753,43.991942,-73.171578,0.22,place,,,Middlebury,VT,Addison County,5753,US,TIGER/Line® dataset from the US Census Bureau,,,,,,,,,
553,1421 Quilmes Lane,,Kanazawa,,19151,39.97957,-75.257036,0.09,place,,,Philadelphia,PA,Philadelphia County,19151,US,TIGER/Line® dataset from the US Census Bureau,,,,,,,,,
554,947 Trshavn Place,,Tarlac,,841,37.620321,-92.139884,0.27,place,,,Palace,MO,Pulaski County,65552,US,TIGER/Line® dataset from the US Census Bureau,,,,,,,,,
555,1764 Jalib al-Shuyukh Parkway,,Santiago de Compostela,,77642,29.95802,-93.891921,0.09,place,,,Port Arthur,TX,Jefferson County,77642,US,TIGER/Line® dataset from the US Census Bureau,,,,,,,,,
556,346 Cam Ranh Avenue,,Zhoushan,,39976,38.300217,-76.743445,0.23,place,,,Avenue,MD,St. Mary's County,20609,US,TIGER/Line® dataset from the US Census Bureau,,,,,,,,,
557,1407 Pachuca de Soto Place,,Alvorada,,26284,0,0,0,,,,,,,,,,,,,,,,,,
558,904 Clarksville Drive,,Haining,,52234,36.522633,-87.334932,0.23,place,,,Clarksville,TN,Montgomery County,37040,US,TIGER/Line® dataset from the US Census Bureau,,,,,,,,,
559,1917 Kumbakonam Parkway,,Novi Sad,,11892,42.468959,-83.522221,0.23,place,,,Novi,MI,Oakland County,48374,US,TIGER/Line® dataset from the US Census Bureau,,,,,,,,,
560,1447 Imus Place,,Rajkot,,12905,37.620321,-92.139884,0.17,place,,,Palace,MO,Pulaski County,65552,US,TIGER/Line® dataset from the US Census Bureau,,,,,,,,,
561,1497 Fengshan Drive,,Chatsworth,,63022,38.638318,-90.427118,0.22,place,,,Ballwin,MO,St. Louis County,63022,US,TIGER/Line® dataset from the US Census Bureau,,,,,,,,,
562,869 Shikarpur Way,,Southport,,57380,43.034725,-98.315504,0.22,place,,,Wagner,SD,Charles Mix County,57380,US,TIGER/Line® dataset from the US Census Bureau,,,,,,,,,
563,1059 Yuncheng Avenue,,Vilnius,,47498,38.300217,-76.743445,0.23,place,,,Avenue,MD,St. Mary's County,20609,US,TIGER/Line® dataset from the US Census Bureau,,,,,,,,,
564,505 Madiun Boulevard,,Wroclaw,,97271,45.580557,-122.374776,0.22,place,,,Portland,OR,Multnomah County,97271,US,TIGER/Line® dataset from the US Census Bureau,,,,,,,,,
565,1741 Hoshiarpur Boulevard,,Bilbays,,22372,38.804836,-77.046921,0.16,place,,,Alexandria,VA,Alexandria city,22372,US,TIGER/Line® dataset from the US Census Bureau,,,,,,,,,
566,1229 Varanasi (Benares) Manor,,Avellaneda,,40195,37.839306,-76.982747,0.17,place,,,Minor,VA,Essex County,22560,US,TIGER/Line® dataset from the US Census Bureau,,,,,,,,,
567,1894 Boa Vista Way,,Garland,,77464,29.592427,-95.955278,0.09,place,,,Orchard,TX,Fort Bend County,77464,US,TIGER/Line® dataset from the US Census Bureau,,,,,,,,,
568,1342 Sharja Way,,Sokoto,,93655,39.641185,-81.183444,0.17,place,,,Way,OH,Monroe County,45734,US,TIGER/Line® dataset from the US Census Bureau,,,,,,,,,
569,1342 Abha Boulevard,,Bucuresti,,10714,32.634819,-116.306039,0.5,street_center,,Abha Dr,Boulevard,CA,San Diego County,91905,US,TIGER/Line® dataset from the US Census Bureau,,,,,,,,,
570,415 Pune Avenue,,Xintai,,44274,41.09924,-81.734329,0.22,place,,,Sharon Center,OH,Medina County,44274,US,TIGER/Line® dataset from the US Census Bureau,,,,,,,,,
571,1746 Faaa Way,,Hunuco,,32515,30.421309,-87.216915,0.16,place,,,Pensacola,FL,Escambia County,32515,US,TIGER/Line® dataset from the US Census Bureau,,,,,,,,,
572,539 Hami Way,,Tokat,,52196,39.641185,-81.183444,0.17,place,,,Way,OH,Monroe County,45734,US,TIGER/Line® dataset from the US Census Bureau,,,,,,,,,
573,1407 Surakarta Manor,,Serpuhov,,33224,37.839306,-76.982747,0.17,place,,,Minor,VA,Essex County,22560,US,TIGER/Line® dataset from the US Census Bureau,,,,,,,,,
574,502 Mandi Bahauddin Parkway,,Barcelona,,15992,38.338107,-90.969862,0.17,place,,,Parkway,MO,Franklin County,63077,US,TIGER/Line® dataset from the US Census Bureau,,,,,,,,,
575,1052 Pathankot Avenue,,Leshan,,77397,38.300217,-76.743445,0.23,place,,,Avenue,MD,St. Mary's County,20609,US,TIGER/Line® dataset from the US Census Bureau,,,,,,,,,
576,1351 Sousse Lane,,Monclova,,37815,36.213293,-83.275211,0.09,place,,,Morristown,TN,Hamblen County,37815,US,TIGER/Line® dataset from the US Census Bureau,,,,,,,,,
577,1501 Pangkal Pinang Avenue,,Plock,,943,38.300217,-76.743445,0.33,place,,,Avenue,MD,St. Mary's County,20609,US,TIGER/Line® dataset from the US Census Bureau,,,,,,,,,
578,1405 Hagonoy Avenue,,Czestochowa,,86587,38.300217,-76.743445,0.23,place,,,Avenue,MD,St. Mary's County,20609,US,TIGER/Line® dataset from the US Census Bureau,,,,,,,,,
579,521 San Juan Bautista Tuxtepec Place,,Zhezqazghan,,95093,37.620321,-92.139884,0.17,place,,,Palace,MO,Pulaski County,65552,US,TIGER/Line® dataset from the US Census Bureau,,,,,,,,,
580,923 Tangail Boulevard,,Akishima,,33384,32.66367,-116.27363,0.23,place,,,Boulevard,CA,San Diego County,91905,US,TIGER/Line® dataset from the US Census Bureau,,,,,,,,,
581,186 Skikda Lane,,Cuernavaca,,89422,38.387008,-118.109585,0.09,place,,,Mina,NV,Mineral County,89422,US,TIGER/Line® dataset from the US Census Bureau,,,,,,,,,
582,1568 Celaya Parkway,,Fengshan,,34750,28.810823,-81.877858,0.16,place,,,Leesburg,FL,Lake County,34750,US,TIGER/Line® dataset from the US Census Bureau,,,,,,,,,
583,1489 Kakamigahara Lane,,Tanshui,,98883,0,0,0,,,,,,,,,,,,,,,,,,
584,1819 Alessandria Loop,,Carmen,,53829,36.578946,-98.45608,0.23,place,,,Carmen,OK,Alfalfa County,73726,US,TIGER/Line® dataset from the US Census Bureau,,,,,,,,,
585,1208 Tama Loop,,Mosul,,73605,32.91537,-102.41602,0.23,place,,,Loop,TX,Gaines County,79342,US,TIGER/Line® dataset from the US Census Bureau,,,,,,,,,
586,951 Springs Lane,,Iligan,,96115,41.763674,-120.179132,0.09,place,,,Lake City,CA,Modoc County,96115,US,TIGER/Line® dataset from the US Census Bureau,,,,,,,,,
587,760 Miyakonojo Drive,,Jos Azueta,,64682,39.53613,-93.44021,0.33,place,,,Tina,MO,Carroll County,64682,US,TIGER/Line® dataset from the US Census Bureau,,,,,,,,,
588,966 Asuncin Way,,Huejutla de Reyes,,62703,39.762206,-89.627547,0.09,place,,,Springfield,IL,Sangamon County,62703,US,TIGER/Line® dataset from the US Census Bureau,,,,,,,,,
589,1584 Ljubertsy Lane,,Southampton,,22954,37.78907,-79.012459,0.09,place,,,Massies Mill,VA,Nelson County,22954,US,TIGER/Line® dataset from the US Census Bureau,,,,,,,,,
590,247 Jining Parkway,,Banjul,,53446,38.338107,-90.969862,0.17,place,,,Parkway,MO,Franklin County,63077,US,TIGER/Line® dataset from the US Census Bureau,,,,,,,,,
591,773 Dallas Manor,,Quilmes,,12664,32.781179,-96.790329,0.23,place,,,Dallas,TX,Dallas County,75201,US,TIGER/Line® dataset from the US Census Bureau,,,,,,,,,
592,1923 Stara Zagora Lane,,Tsaotun,,95179,37.339386,-121.894956,0.06,place,,,San Jose,CA,Santa Clara County,95179,US,TIGER/Line® dataset from the US Census Bureau,,,,,,,,,
593,1402 Zanzibar Boulevard,,Celaya,,71102,32.607556,-93.75256,0.22,place,,,Shreveport,LA,Caddo Parish,71102,US,TIGER/Line® dataset from the US Census Bureau,,,,,,,,,
594,1464 Kursk Parkway,,Weifang,,17381,38.338107,-90.969862,0.17,place,,,Parkway,MO,Franklin County,63077,US,TIGER/Line® dataset from the US Census Bureau,,,,,,,,,
595,1074 Sanaa Parkway,,Loja,,22474,38.338107,-90.969862,0.17,place,,,Parkway,MO,Franklin County,63077,US,TIGER/Line® dataset from the US Census Bureau,,,,,,,,,
596,1759 Niznekamsk Avenue,,al-Manama,,39414,0,0,0,,,,,,,,,,,,,,,,,,
597,32 Liaocheng Way,,Juiz de Fora,,1944,42.579503,-70.755062,0.09,place,,,Manchester,MA,Essex County,1944,US,TIGER/Line® dataset from the US Census Bureau,,,,,,,,,
598,42 Fontana Avenue,,Szkesfehrvr,,14684,43.154785,-77.615557,0.06,place,,,Rochester,NY,Monroe County,14684,US,TIGER/Line® dataset from the US Census Bureau,,,,,,,,,
599,1895 Zhezqazghan Drive,,Garden Grove,,36693,30.635741,-88.174502,0.22,place,,,Mobile,AL,Mobile County,36693,US,TIGER/Line® dataset from the US Census Bureau,,,,,,,,,
600,1837 Kaduna Parkway,,Jining,,82580,38.338107,-90.969862,0.17,place,,,Parkway,MO,Franklin County,63077,US,TIGER/Line® dataset from the US Census Bureau,,,,,,,,,
601,844 Bucuresti Place,,Jinzhou,,36603,30.69117,-88.057773,0.22,place,,,Mobile,AL,Mobile County,36603,US,TIGER/Line® dataset from the US Census Bureau,,,,,,,,,
602,1101 Bucuresti Boulevard,,Patras,,97661,32.66367,-116.27363,0.23,place,,,Boulevard,CA,San Diego County,91905,US,TIGER/Line® dataset from the US Census Bureau,,,,,,,,,
603,1103 Quilmes Boulevard,,Sullana,,52137,32.66367,-116.27363,0.23,place,,,Boulevard,CA,San Diego County,91905,US,TIGER/Line® dataset from the US Census Bureau,,,,,,,,,
604,1331 Usak Boulevard,,Lausanne,,61960,32.66367,-116.27363,0.23,place,,,Boulevard,CA,San Diego County,91905,US,TIGER/Line® dataset from the US Census Bureau,,,,,,,,,
605,1325 Fukuyama Street,,Tieli,,27107,36.04803,-80.182863,0.22,place,,,Winston-Salem,NC,Forsyth County,27107,US,TIGER/Line® dataset from the US Census Bureau,,,,,,,,,
